 {

  "format_version": "1.10.0",
  "minecraft:client_entity": {
    "description": {
      "identifier": "nuke:nukebomb",
      "materials": {
        "default": "entity_alphatest"
      },
      "textures": {
        "default": "textures/entity/nukebomb"
      },
      "geometry": {
        "default": "geometry.nukebomb"
      },
      "render_controllers": [ "controller.render.nukebomb" ],
      "spawn_egg": {
        "texture": "nukebomb",
        "texture_index": 1
      },
      "scripts": {
      }


    }
}
}   

