{
  "format_version": "1.13.0",
  "minecraft:entity": {
    "description": {
      "identifier": "nuke:nukebomb",
      "is_spawnable": true,
      "is_summonable": true,
      "is_experimental": false,
      "animations": {
        "work": "controller.animation.nukebomb"
      },
      "scripts": {
        "animate": ["work"]
      }
    },

    "events": {
      "spawn_mushroom": {
        "remove": {
          "component_groups": [
            "spawn_mushroom"
          ]
        },
        "add": {
          "component_groups": [
            "spawn_mushroom"
          ]
        }
      },
      "ignite": {
        "remove": {
          "component_groups": [
            "ignite"
          ]
        },
        "add": {
          "component_groups": [
            "ignite"
          ]
        }
      }
    },

    "component_groups": {
      "spawn_mushroom": {
        "minecraft:spawn_entity": {
          "min_wait_time": 0,
          "max_wait_time": 0,
          "num_to_spawn": 1,
          "spawn_entity": "nuke:mushroom_cloud",
          "single_use": true
        },
        "minecraft:despawn": {
        }
      },
      "ignite": {
        "minecraft:scale": { "value": 0.0001 },
        "minecraft:mark_variant": {
          "value": 1
        },
        "minecraft:explode": {
          "fuse_length": 0,
          "fuse_lit": true,
          "power": 100,
          "causes_fire": true,
          "destroy_affected_by_griefing": true
        }
      }
    },

    "components": {
      "minecraft:damage_sensor": {
        "triggers": {
          "on_damage": {
            "filters": {
              "test": "has_damage",
              "subject": "self",
              "value": "fall"
            },
            "event": "spawn_mushroom"
          },
          "deals_damage": false
        }
      },
      "minecraft:mark_variant": {
        "value": 0
      },
      "minecraft:interact": {
        "interactions": [
          {
            "on_interact": {
              "filters": {
                "all_of": [
                  {
                    "test": "has_equipment",
                    "subject": "player",
                    "domain": "hand",
                    "operator": "equals",
                    "value": "flint_and_steel"
                  }
                ]
              },
              "target": "self",
			   "event": "ignite"
            },
            "use_item": false,
			"spawn_entities":"nuke:mushroom_cloud",
            "interact_text": "action.interact.ignite"
          }
        ]
      },
      "minecraft:scale": { "value": 0.04 },
      "minecraft:type_family": {
        "family": [ "nuke" ]
      },
      "minecraft:collision_box": {
        "width": 100,
        "height": 200
      },
      "minecraft:health": {
        "value": 10000,
        "max": 10000
      },
      "minecraft:knockback_resistance": {
        "value": 1000.0
      },
      "minecraft:jump.static": {
      },
      "minecraft:fire_immune": true,
      "minecraft:breathable": {
        "breathesAir": true,
        "breathesWater": true
      },
      "minecraft:leashable": {
        "soft_distance": 14.0,
        "hard_distance": 1.0,
        "max_distance": 20.0
      },
      "minecraft:balloonable": {
      },
      "minecraft:nameable": {},
      "minecraft:physics": {},
      "minecraft:persistent": {}
    }
    }
  }
