{
	"format_version": "1.12.0",
	"minecraft:geometry": [
		{
			"description": {
				"identifier": "geometry.cap",
				"texture_width": 716,
				"texture_height": 716,
				"visible_bounds_width": 100,
				"visible_bounds_height": 100,
				"visible_bounds_offset": [0, 0, 0]
			},
			"bones": [
				{
					"name": "bone",
					"pivot": [0, 24, 0]
				},
				{
					"name": "octagon2",
					"parent": "bone",
					"pivot": [6, 90, -7],
					"cubes": [
						{
							"origin": [-9.50967, 89.5, -46],
							"size": [20.01934, 1, 13],
							"inflate": 0.1,
							"pivot": [-2, 90, 1],
							"rotation": [0, -45, 0],
							"uv": {
								"north": {"uv": [344, 300], "uv_size": [20, 1]},
								"east": {"uv": [236, 504], "uv_size": [13, 1]},
								"south": {"uv": [120, 421], "uv_size": [20, 1]},
								"west": {"uv": [540, 321], "uv_size": [13, 1]},
								"up": {"uv": [106, 199], "uv_size": [20, 13]},
								"down": {"uv": [364, 293], "uv_size": [-20, -13]}
							}
						},
						{
							"origin": [-29.50967, 96.5, -104],
							"size": [54.01934, 1, 82],
							"inflate": 0.1,
							"pivot": [-2, 97, -48],
							"rotation": [-25, 0, 0],
							"uv": {
								"north": {"uv": [130, 128], "uv_size": [54, 1]},
								"east": {"uv": [625, 605], "uv_size": [82, 1]},
								"south": {"uv": [130, 129], "uv_size": [54, 1]},
								"west": {"uv": [631, 288], "uv_size": [82, 1]},
								"up": {"uv": [0, 74], "uv_size": [54, 82]},
								"down": {"uv": [184, 212], "uv_size": [-54, -82]}
							}
						},
						{
							"origin": [1.49033, 96.5, -88],
							"size": [57.01934, 2, 71],
							"inflate": 0.1,
							"pivot": [31, 97, -32],
							"rotation": [-25, -50, 0],
							"uv": {
								"north": {"uv": [634, 526], "uv_size": [57, 2]},
								"east": {"uv": [615, 430], "uv_size": [71, 2]},
								"south": {"uv": [634, 528], "uv_size": [57, 2]},
								"west": {"uv": [616, 496], "uv_size": [71, 2]},
								"up": {"uv": [426, 426], "uv_size": [57, 71]},
								"down": {"uv": [307, 505], "uv_size": [-57, -71]}
							}
						},
						{
							"origin": [24.49033, 98.5, -47],
							"size": [51.01934, 1, 72],
							"inflate": 0.1,
							"pivot": [47, 97, 1],
							"rotation": [-25, -90, 0],
							"uv": {
								"north": {"uv": [637, 2], "uv_size": [51, 1]},
								"east": {"uv": [634, 549], "uv_size": [72, 1]},
								"south": {"uv": [637, 3], "uv_size": [51, 1]},
								"west": {"uv": [634, 550], "uv_size": [72, 1]},
								"up": {"uv": [434, 0], "uv_size": [51, 72]},
								"down": {"uv": [485, 144], "uv_size": [-51, -72]}
							}
						},
						{
							"origin": [12.49033, 98.5, -16],
							"size": [47.01934, 1, 76],
							"inflate": 0.1,
							"pivot": [35, 99, 34],
							"rotation": [-25, -140, 0],
							"uv": {
								"north": {"uv": [557, 79], "uv_size": [47, 1]},
								"east": {"uv": [634, 545], "uv_size": [76, 1]},
								"south": {"uv": [637, 6], "uv_size": [47, 1]},
								"west": {"uv": [634, 546], "uv_size": [76, 1]},
								"up": {"uv": [307, 434], "uv_size": [47, 76]},
								"down": {"uv": [481, 220], "uv_size": [-47, -76]}
							}
						},
						{
							"origin": [-82.50967, 96.5, -52],
							"size": [52.01934, 1, 84],
							"inflate": 0.1,
							"pivot": [-57, 97, -1],
							"rotation": [-25, 85, 0],
							"uv": {
								"north": {"uv": [637, 0], "uv_size": [52, 1]},
								"east": {"uv": [617, 74], "uv_size": [84, 1]},
								"south": {"uv": [637, 1], "uv_size": [52, 1]},
								"west": {"uv": [625, 233], "uv_size": [84, 1]},
								"up": {"uv": [130, 0], "uv_size": [52, 84]},
								"down": {"uv": [106, 223], "uv_size": [-52, -84]}
							}
						},
						{
							"origin": [-67.50967, 96.5, -22],
							"size": [50.01934, 1, 66],
							"inflate": 0.1,
							"pivot": [-44, 97, 29],
							"rotation": [-25, 135, 0],
							"uv": {
								"north": {"uv": [637, 4], "uv_size": [50, 1]},
								"east": {"uv": [634, 579], "uv_size": [66, 1]},
								"south": {"uv": [637, 5], "uv_size": [50, 1]},
								"west": {"uv": [634, 580], "uv_size": [66, 1]},
								"up": {"uv": [0, 156], "uv_size": [50, 66]},
								"down": {"uv": [484, 348], "uv_size": [-50, -66]}
							}
						},
						{
							"origin": [-46.50967, 101.5, 16],
							"size": [65.01934, 1, 74],
							"inflate": 0.1,
							"pivot": [-11, 102, 53],
							"rotation": [-25, 180, 0],
							"uv": {
								"north": {"uv": [634, 581], "uv_size": [65, 1]},
								"east": {"uv": [634, 547], "uv_size": [74, 1]},
								"south": {"uv": [635, 606], "uv_size": [65, 1]},
								"west": {"uv": [634, 548], "uv_size": [74, 1]},
								"up": {"uv": [0, 0], "uv_size": [65, 74]},
								"down": {"uv": [130, 139], "uv_size": [-65, -74]}
							}
						},
						{
							"origin": [-67.50967, 96.5, -85],
							"size": [55.01934, 1, 62],
							"inflate": 0.1,
							"pivot": [-39, 97, -35],
							"rotation": [-25, 40, 0],
							"uv": {
								"north": {"uv": [426, 425], "uv_size": [55, 1]},
								"east": {"uv": [635, 607], "uv_size": [62, 1]},
								"south": {"uv": [635, 614], "uv_size": [55, 1]},
								"west": {"uv": [635, 608], "uv_size": [62, 1]},
								"up": {"uv": [65, 0], "uv_size": [55, 62]},
								"down": {"uv": [489, 282], "uv_size": [-55, -62]}
							}
						},
						{
							"origin": [-28.50967, 97.5, -39],
							"size": [53.01934, 1, 34],
							"inflate": 0.1,
							"pivot": [-2, 98, -20],
							"rotation": [30, 0, 0],
							"uv": {
								"north": {"uv": [0, 222], "uv_size": [53, 1]},
								"east": {"uv": [485, 140], "uv_size": [34, 1]},
								"south": {"uv": [541, 636], "uv_size": [53, 1]},
								"west": {"uv": [485, 141], "uv_size": [34, 1]},
								"up": {"uv": [130, 84], "uv_size": [53, 34]},
								"down": {"uv": [53, 397], "uv_size": [-53, -34]}
							}
						},
						{
							"origin": [-28.50967, 92.5, 7],
							"size": [53.01934, 6, 29],
							"inflate": 0.1,
							"pivot": [-2, 98, 26],
							"rotation": [-30, 0, 0],
							"uv": {
								"north": {"uv": [545, 234], "uv_size": [53, 6]},
								"east": {"uv": [484, 322], "uv_size": [29, 6]},
								"south": {"uv": [561, 154], "uv_size": [53, 6]},
								"west": {"uv": [484, 328], "uv_size": [29, 6]},
								"up": {"uv": [523, 482], "uv_size": [53, 29]},
								"down": {"uv": [369, 553], "uv_size": [-53, -29]}
							}
						},
						{
							"origin": [-57.50967, 97.5, -22],
							"size": [55.01934, 1, 34],
							"inflate": 0.1,
							"pivot": [-23, 98, -3],
							"rotation": [30, 90, 0],
							"uv": {
								"north": {"uv": [635, 615], "uv_size": [55, 1]},
								"east": {"uv": [485, 142], "uv_size": [34, 1]},
								"south": {"uv": [300, 636], "uv_size": [55, 1]},
								"west": {"uv": [485, 143], "uv_size": [34, 1]},
								"up": {"uv": [184, 140], "uv_size": [55, 34]},
								"down": {"uv": [299, 244], "uv_size": [-55, -34]}
							}
						},
						{
							"origin": [0.49033, 94.5, -8],
							"size": [47.01934, 4, 29],
							"inflate": 0.1,
							"pivot": [27, 98, 6],
							"rotation": [30, -90, 0],
							"uv": {
								"north": {"uv": [364, 360], "uv_size": [47, 4]},
								"east": {"uv": [180, 380], "uv_size": [29, 4]},
								"south": {"uv": [557, 75], "uv_size": [47, 4]},
								"west": {"uv": [0, 418], "uv_size": [29, 4]},
								"up": {"uv": [434, 388], "uv_size": [47, 29]},
								"down": {"uv": [571, 293], "uv_size": [-47, -29]}
							}
						},
						{
							"origin": [-20.50967, 89.5, 33],
							"size": [31.01934, 1, 7],
							"inflate": 0.1,
							"pivot": [-2, 90, 1],
							"rotation": [0, -45, 0],
							"uv": {
								"north": {"uv": [394, 496], "uv_size": [31, 1]},
								"east": {"uv": [357, 301], "uv_size": [7, 1]},
								"south": {"uv": [316, 520], "uv_size": [31, 1]},
								"west": {"uv": [357, 302], "uv_size": [7, 1]},
								"up": {"uv": [483, 476], "uv_size": [31, 7]},
								"down": {"uv": [425, 491], "uv_size": [-31, -7]}
							}
						},
						{
							"origin": [-28.50967, 89.5, 35],
							"size": [53.01934, 3, 1],
							"inflate": 0.1,
							"uv": {
								"north": {"uv": [65, 62], "uv_size": [53, 3]},
								"east": {"uv": [64, 127], "uv_size": [1, 3]},
								"south": {"uv": [304, 301], "uv_size": [53, 3]},
								"west": {"uv": [129, 62], "uv_size": [1, 3]},
								"up": {"uv": [594, 636], "uv_size": [53, 1]},
								"down": {"uv": [353, 638], "uv_size": [-53, -1]}
							}
						},
						{
							"origin": [32, 89.5, -15.50967],
							"size": [11, 1, 25.01934],
							"inflate": 0.1,
							"pivot": [-2, 90, 1],
							"rotation": [0, -45, 0],
							"uv": {
								"north": {"uv": [128, 502], "uv_size": [11, 1]},
								"east": {"uv": [250, 431], "uv_size": [25, 1]},
								"south": {"uv": [513, 281], "uv_size": [11, 1]},
								"west": {"uv": [250, 432], "uv_size": [25, 1]},
								"up": {"uv": [120, 394], "uv_size": [11, 25]},
								"down": {"uv": [51, 422], "uv_size": [-11, -25]}
							}
						},
						{
							"origin": [32, 89.5, -25.50967],
							"size": [6, 1, 53.01934],
							"inflate": 0.1,
							"uv": {
								"north": {"uv": [178, 252], "uv_size": [6, 1]},
								"east": {"uv": [541, 637], "uv_size": [53, 1]},
								"south": {"uv": [178, 253], "uv_size": [6, 1]},
								"west": {"uv": [594, 637], "uv_size": [53, 1]},
								"up": {"uv": [100, 223], "uv_size": [6, 53]},
								"down": {"uv": [244, 307], "uv_size": [-6, -53]}
							}
						},
						{
							"origin": [-29.64823, 89.5, -60.1579],
							"size": [11, 3, 53.01934],
							"inflate": 0.1,
							"pivot": [-36.64823, 90, -33.64823],
							"rotation": [0, -50, 0],
							"uv": {
								"north": {"uv": [118, 62], "uv_size": [11, 3]},
								"east": {"uv": [585, 582], "uv_size": [53, 3]},
								"south": {"uv": [209, 380], "uv_size": [11, 3]},
								"west": {"uv": [617, 71], "uv_size": [53, 3]},
								"up": {"uv": [54, 74], "uv_size": [11, 53]},
								"down": {"uv": [101, 657], "uv_size": [-11, -53]}
							}
						},
						{
							"origin": [-49, 89.5, -25.50967],
							"size": [13, 1, 47.01934],
							"inflate": 0.1,
							"uv": {
								"north": {"uv": [620, 308], "uv_size": [13, 1]},
								"east": {"uv": [637, 7], "uv_size": [47, 1]},
								"south": {"uv": [638, 582], "uv_size": [13, 1]},
								"west": {"uv": [637, 8], "uv_size": [47, 1]},
								"up": {"uv": [250, 384], "uv_size": [13, 47]},
								"down": {"uv": [276, 431], "uv_size": [-13, -47]}
							}
						}
					]
				},
				{
					"name": "hexadecagon2",
					"parent": "bone",
					"pivot": [13, 126, -6],
					"cubes": [
						{
							"origin": [-14.89124, 105.5, -98],
							"size": [39.78247, 21, 40],
							"inflate": 0.1,
							"pivot": [5, 126, 2],
							"rotation": [0, 45, 0],
							"uv": {
								"north": {"uv": [304, 280], "uv_size": [40, 21]},
								"east": {"uv": [0, 397], "uv_size": [40, 21]},
								"south": {"uv": [112, 543], "uv_size": [40, 21]},
								"west": {"uv": [236, 545], "uv_size": [40, 21]},
								"up": {"uv": [60, 223], "uv_size": [40, 40]},
								"down": {"uv": [160, 322], "uv_size": [-40, -40]}
							}
						},
						{
							"origin": [-14.89124, 105.5, -98],
							"size": [39.78247, 21, 40],
							"inflate": 0.1,
							"pivot": [5, 126, 2],
							"rotation": [0, 22.5, 0],
							"uv": {
								"north": {"uv": [545, 192], "uv_size": [40, 21]},
								"east": {"uv": [545, 213], "uv_size": [40, 21]},
								"south": {"uv": [276, 550], "uv_size": [40, 21]},
								"west": {"uv": [168, 553], "uv_size": [40, 21]},
								"up": {"uv": [180, 324], "uv_size": [40, 40]},
								"down": {"uv": [474, 388], "uv_size": [-40, -40]}
							}
						},
						{
							"origin": [-14.89124, 105.5, -98],
							"size": [39.78247, 21, 40],
							"inflate": 0.1,
							"uv": {
								"north": {"uv": [316, 553], "uv_size": [40, 21]},
								"east": {"uv": [554, 554], "uv_size": [40, 21]},
								"south": {"uv": [554, 309], "uv_size": [40, 21]},
								"west": {"uv": [554, 330], "uv_size": [40, 21]},
								"up": {"uv": [474, 348], "uv_size": [40, 40]},
								"down": {"uv": [521, 184], "uv_size": [-40, -40]}
							}
						},
						{
							"origin": [-14.89124, 105.5, -98],
							"size": [39.78247, 21, 40],
							"inflate": 0.1,
							"pivot": [5, 126, 2],
							"rotation": [0, -22.5, 0],
							"uv": {
								"north": {"uv": [554, 511], "uv_size": [40, 21]},
								"east": {"uv": [554, 532], "uv_size": [40, 21]},
								"south": {"uv": [557, 0], "uv_size": [40, 21]},
								"west": {"uv": [557, 21], "uv_size": [40, 21]},
								"up": {"uv": [32, 482], "uv_size": [40, 40]},
								"down": {"uv": [112, 522], "uv_size": [-40, -40]}
							}
						},
						{
							"origin": [-14.89124, 105.5, -98],
							"size": [39.78247, 21, 40],
							"inflate": 0.1,
							"pivot": [5, 126, 2],
							"rotation": [0, -45, 0],
							"uv": {
								"north": {"uv": [557, 42], "uv_size": [40, 21]},
								"east": {"uv": [561, 112], "uv_size": [40, 21]},
								"south": {"uv": [561, 133], "uv_size": [40, 21]},
								"west": {"uv": [32, 562], "uv_size": [40, 21]},
								"up": {"uv": [483, 483], "uv_size": [40, 40]},
								"down": {"uv": [523, 428], "uv_size": [-40, -40]}
							}
						},
						{
							"origin": [-14.89124, 105.5, 62],
							"size": [39.78247, 21, 40],
							"inflate": 0.1,
							"pivot": [5, 126, 2],
							"rotation": [0, 45, 0],
							"uv": {
								"north": {"uv": [72, 562], "uv_size": [40, 21]},
								"east": {"uv": [465, 563], "uv_size": [40, 21]},
								"south": {"uv": [505, 563], "uv_size": [40, 21]},
								"west": {"uv": [563, 351], "uv_size": [40, 21]},
								"up": {"uv": [483, 428], "uv_size": [40, 40]},
								"down": {"uv": [394, 524], "uv_size": [-40, -40]}
							}
						},
						{
							"origin": [-14.89124, 105.5, 62],
							"size": [39.78247, 21, 40],
							"inflate": 0.1,
							"pivot": [5, 126, 2],
							"rotation": [0, 22.5, 0],
							"uv": {
								"north": {"uv": [563, 372], "uv_size": [40, 21]},
								"east": {"uv": [563, 393], "uv_size": [40, 21]},
								"south": {"uv": [563, 414], "uv_size": [40, 21]},
								"west": {"uv": [563, 435], "uv_size": [40, 21]},
								"up": {"uv": [484, 282], "uv_size": [40, 40]},
								"down": {"uv": [525, 40], "uv_size": [-40, -40]}
							}
						},
						{
							"origin": [-14.89124, 105.5, 62],
							"size": [39.78247, 21, 40],
							"inflate": 0.1,
							"uv": {
								"north": {"uv": [563, 456], "uv_size": [40, 21]},
								"east": {"uv": [112, 564], "uv_size": [40, 21]},
								"south": {"uv": [208, 566], "uv_size": [40, 21]},
								"west": {"uv": [248, 571], "uv_size": [40, 21]},
								"up": {"uv": [485, 40], "uv_size": [40, 40]},
								"down": {"uv": [525, 120], "uv_size": [-40, -40]}
							}
						},
						{
							"origin": [-14.89124, 105.5, 62],
							"size": [39.78247, 21, 40],
							"inflate": 0.1,
							"pivot": [5, 126, 2],
							"rotation": [0, -22.5, 0],
							"uv": {
								"north": {"uv": [571, 256], "uv_size": [40, 21]},
								"east": {"uv": [168, 574], "uv_size": [40, 21]},
								"south": {"uv": [288, 574], "uv_size": [40, 21]},
								"west": {"uv": [328, 574], "uv_size": [40, 21]},
								"up": {"uv": [489, 184], "uv_size": [40, 40]},
								"down": {"uv": [529, 264], "uv_size": [-40, -40]}
							}
						},
						{
							"origin": [-14.89124, 105.5, 62],
							"size": [39.78247, 21, 40],
							"inflate": 0.1,
							"pivot": [5, 126, 2],
							"rotation": [0, -45, 0],
							"uv": {
								"north": {"uv": [545, 575], "uv_size": [40, 21]},
								"east": {"uv": [576, 477], "uv_size": [40, 21]},
								"south": {"uv": [32, 583], "uv_size": [40, 21]},
								"west": {"uv": [72, 583], "uv_size": [40, 21]},
								"up": {"uv": [394, 497], "uv_size": [40, 40]},
								"down": {"uv": [474, 537], "uv_size": [-40, -40]}
							}
						},
						{
							"origin": [65, 105.5, -17.89124],
							"size": [40, 21, 39.78247],
							"inflate": 0.1,
							"pivot": [5, 126, 2],
							"rotation": [0, 22.5, 0],
							"uv": {
								"north": {"uv": [465, 584], "uv_size": [40, 21]},
								"east": {"uv": [505, 584], "uv_size": [40, 21]},
								"south": {"uv": [112, 585], "uv_size": [40, 21]},
								"west": {"uv": [585, 585], "uv_size": [40, 21]},
								"up": {"uv": [112, 503], "uv_size": [40, 40]},
								"down": {"uv": [276, 545], "uv_size": [-40, -40]}
							}
						},
						{
							"origin": [65, 105.5, -17.89124],
							"size": [40, 21, 39.78247],
							"inflate": 0.1,
							"uv": {
								"north": {"uv": [585, 192], "uv_size": [40, 21]},
								"east": {"uv": [585, 213], "uv_size": [40, 21]},
								"south": {"uv": [208, 587], "uv_size": [40, 21]},
								"west": {"uv": [248, 592], "uv_size": [40, 21]},
								"up": {"uv": [276, 510], "uv_size": [40, 40]},
								"down": {"uv": [554, 362], "uv_size": [-40, -40]}
							}
						},
						{
							"origin": [65, 105.5, -17.89124],
							"size": [40, 21, 39.78247],
							"inflate": 0.1,
							"pivot": [5, 126, 2],
							"rotation": [0, -22.5, 0],
							"uv": {
								"north": {"uv": [594, 309], "uv_size": [40, 21]},
								"east": {"uv": [594, 330], "uv_size": [40, 21]},
								"south": {"uv": [594, 498], "uv_size": [40, 21]},
								"west": {"uv": [594, 519], "uv_size": [40, 21]},
								"up": {"uv": [521, 120], "uv_size": [40, 40]},
								"down": {"uv": [72, 562], "uv_size": [-40, -40]}
							}
						},
						{
							"origin": [-95, 105.5, -17.89124],
							"size": [40, 21, 39.78247],
							"inflate": 0.1,
							"pivot": [5, 126, 2],
							"rotation": [0, 22.5, 0],
							"uv": {
								"north": {"uv": [594, 540], "uv_size": [40, 21]},
								"east": {"uv": [594, 561], "uv_size": [40, 21]},
								"south": {"uv": [152, 595], "uv_size": [40, 21]},
								"west": {"uv": [288, 595], "uv_size": [40, 21]},
								"up": {"uv": [72, 522], "uv_size": [40, 40]},
								"down": {"uv": [514, 563], "uv_size": [-40, -40]}
							}
						},
						{
							"origin": [-95, 105.5, -17.89124],
							"size": [40, 21, 39.78247],
							"inflate": 0.1,
							"uv": {
								"north": {"uv": [328, 595], "uv_size": [40, 21]},
								"east": {"uv": [545, 596], "uv_size": [40, 21]},
								"south": {"uv": [597, 0], "uv_size": [40, 21]},
								"west": {"uv": [597, 21], "uv_size": [40, 21]},
								"up": {"uv": [514, 523], "uv_size": [40, 40]},
								"down": {"uv": [563, 402], "uv_size": [-40, -40]}
							}
						},
						{
							"origin": [-95, 105.5, -17.89124],
							"size": [40, 21, 39.78247],
							"inflate": 0.1,
							"pivot": [5, 126, 2],
							"rotation": [0, -22.5, 0],
							"uv": {
								"north": {"uv": [597, 42], "uv_size": [40, 21]},
								"east": {"uv": [601, 112], "uv_size": [40, 21]},
								"south": {"uv": [601, 133], "uv_size": [40, 21]},
								"west": {"uv": [603, 351], "uv_size": [40, 21]},
								"up": {"uv": [523, 402], "uv_size": [40, 40]},
								"down": {"uv": [563, 482], "uv_size": [-40, -40]}
							}
						}
					]
				},
				{
					"name": "hexadecagon3",
					"parent": "bone",
					"pivot": [11, 137, 0],
					"cubes": [
						{
							"origin": [-26.83686, 124.5, -142],
							"size": [59.67371, 2, 70],
							"inflate": 0.1,
							"pivot": [3, 137, 8],
							"rotation": [0, 45, 0],
							"uv": {
								"north": {"uv": [634, 314], "uv_size": [60, 2]},
								"east": {"uv": [625, 229], "uv_size": [70, 2]},
								"south": {"uv": [634, 316], "uv_size": [60, 2]},
								"west": {"uv": [625, 231], "uv_size": [70, 2]},
								"up": {"uv": [182, 0], "uv_size": [60, 70]},
								"down": {"uv": [244, 254], "uv_size": [-60, -70]}
							}
						},
						{
							"origin": [-26.83686, 124.5, -142],
							"size": [59.67371, 2, 70],
							"inflate": 0.1,
							"pivot": [3, 137, 8],
							"rotation": [0, 22.5, 0],
							"uv": {
								"north": {"uv": [634, 318], "uv_size": [60, 2]},
								"east": {"uv": [625, 585], "uv_size": [70, 2]},
								"south": {"uv": [634, 320], "uv_size": [60, 2]},
								"west": {"uv": [625, 587], "uv_size": [70, 2]},
								"up": {"uv": [184, 70], "uv_size": [60, 70]},
								"down": {"uv": [166, 282], "uv_size": [-60, -70]}
							}
						},
						{
							"origin": [-26.83686, 124.5, -142],
							"size": [59.67371, 2, 70],
							"inflate": 0.1,
							"uv": {
								"north": {"uv": [634, 322], "uv_size": [60, 2]},
								"east": {"uv": [625, 589], "uv_size": [70, 2]},
								"south": {"uv": [634, 324], "uv_size": [60, 2]},
								"west": {"uv": [625, 591], "uv_size": [70, 2]},
								"up": {"uv": [0, 223], "uv_size": [60, 70]},
								"down": {"uv": [302, 70], "uv_size": [-60, -70]}
							}
						},
						{
							"origin": [-26.83686, 124.5, -142],
							"size": [59.67371, 2, 70],
							"inflate": 0.1,
							"pivot": [3, 137, 8],
							"rotation": [0, -22.5, 0],
							"uv": {
								"north": {"uv": [634, 326], "uv_size": [60, 2]},
								"east": {"uv": [625, 593], "uv_size": [70, 2]},
								"south": {"uv": [634, 328], "uv_size": [60, 2]},
								"west": {"uv": [625, 595], "uv_size": [70, 2]},
								"up": {"uv": [244, 244], "uv_size": [60, 70]},
								"down": {"uv": [304, 140], "uv_size": [-60, -70]}
							}
						},
						{
							"origin": [-26.83686, 124.5, -142],
							"size": [59.67371, 2, 70],
							"inflate": 0.1,
							"pivot": [3, 137, 8],
							"rotation": [0, -45, 0],
							"uv": {
								"north": {"uv": [634, 330], "uv_size": [60, 2]},
								"east": {"uv": [625, 597], "uv_size": [70, 2]},
								"south": {"uv": [634, 332], "uv_size": [60, 2]},
								"west": {"uv": [625, 599], "uv_size": [70, 2]},
								"up": {"uv": [244, 140], "uv_size": [60, 70]},
								"down": {"uv": [226, 324], "uv_size": [-60, -70]}
							}
						},
						{
							"origin": [-26.83686, 124.5, 88],
							"size": [59.67371, 2, 70],
							"inflate": 0.1,
							"pivot": [3, 137, 8],
							"rotation": [0, 45, 0],
							"uv": {
								"north": {"uv": [634, 334], "uv_size": [60, 2]},
								"east": {"uv": [625, 601], "uv_size": [70, 2]},
								"south": {"uv": [634, 336], "uv_size": [60, 2]},
								"west": {"uv": [625, 603], "uv_size": [70, 2]},
								"up": {"uv": [60, 282], "uv_size": [60, 70]},
								"down": {"uv": [60, 363], "uv_size": [-60, -70]}
							}
						},
						{
							"origin": [-26.83686, 124.5, 88],
							"size": [59.67371, 2, 70],
							"inflate": 0.1,
							"pivot": [3, 137, 8],
							"rotation": [0, 22.5, 0],
							"uv": {
								"north": {"uv": [634, 338], "uv_size": [60, 2]},
								"east": {"uv": [625, 616], "uv_size": [70, 2]},
								"south": {"uv": [634, 340], "uv_size": [60, 2]},
								"west": {"uv": [625, 618], "uv_size": [70, 2]},
								"up": {"uv": [302, 0], "uv_size": [60, 70]},
								"down": {"uv": [364, 374], "uv_size": [-60, -70]}
							}
						},
						{
							"origin": [-26.83686, 124.5, 88],
							"size": [59.67371, 2, 70],
							"inflate": 0.1,
							"uv": {
								"north": {"uv": [634, 342], "uv_size": [60, 2]},
								"east": {"uv": [625, 620], "uv_size": [70, 2]},
								"south": {"uv": [634, 344], "uv_size": [60, 2]},
								"west": {"uv": [625, 622], "uv_size": [70, 2]},
								"up": {"uv": [304, 70], "uv_size": [60, 70]},
								"down": {"uv": [364, 210], "uv_size": [-60, -70]}
							}
						},
						{
							"origin": [-26.83686, 124.5, 88],
							"size": [59.67371, 2, 70],
							"inflate": 0.1,
							"pivot": [3, 137, 8],
							"rotation": [0, -22.5, 0],
							"uv": {
								"north": {"uv": [634, 346], "uv_size": [60, 2]},
								"east": {"uv": [631, 276], "uv_size": [70, 2]},
								"south": {"uv": [634, 348], "uv_size": [60, 2]},
								"west": {"uv": [631, 278], "uv_size": [70, 2]},
								"up": {"uv": [304, 210], "uv_size": [60, 70]},
								"down": {"uv": [286, 384], "uv_size": [-60, -70]}
							}
						},
						{
							"origin": [-26.83686, 124.5, 88],
							"size": [59.67371, 2, 70],
							"inflate": 0.1,
							"pivot": [3, 137, 8],
							"rotation": [0, -45, 0],
							"uv": {
								"north": {"uv": [634, 498], "uv_size": [60, 2]},
								"east": {"uv": [631, 280], "uv_size": [70, 2]},
								"south": {"uv": [634, 500], "uv_size": [60, 2]},
								"west": {"uv": [631, 282], "uv_size": [70, 2]},
								"up": {"uv": [120, 324], "uv_size": [60, 70]},
								"down": {"uv": [120, 422], "uv_size": [-60, -70]}
							}
						},
						{
							"origin": [83, 124.5, -21.83686],
							"size": [70, 2, 59.67371],
							"inflate": 0.1,
							"pivot": [3, 137, 8],
							"rotation": [0, 22.5, 0],
							"uv": {
								"north": {"uv": [631, 284], "uv_size": [70, 2]},
								"east": {"uv": [634, 502], "uv_size": [60, 2]},
								"south": {"uv": [631, 286], "uv_size": [70, 2]},
								"west": {"uv": [634, 504], "uv_size": [60, 2]},
								"up": {"uv": [362, 0], "uv_size": [70, 60]},
								"down": {"uv": [434, 424], "uv_size": [-70, -60]}
							}
						},
						{
							"origin": [83, 124.5, -21.83686],
							"size": [70, 2, 59.67371],
							"inflate": 0.1,
							"uv": {
								"north": {"uv": [288, 632], "uv_size": [70, 2]},
								"east": {"uv": [634, 506], "uv_size": [60, 2]},
								"south": {"uv": [541, 632], "uv_size": [70, 2]},
								"west": {"uv": [634, 508], "uv_size": [60, 2]},
								"up": {"uv": [364, 60], "uv_size": [70, 60]},
								"down": {"uv": [434, 180], "uv_size": [-70, -60]}
							}
						},
						{
							"origin": [83, 124.5, -21.83686],
							"size": [70, 2, 59.67371],
							"inflate": 0.1,
							"pivot": [3, 137, 8],
							"rotation": [0, -22.5, 0],
							"uv": {
								"north": {"uv": [611, 632], "uv_size": [70, 2]},
								"east": {"uv": [634, 510], "uv_size": [60, 2]},
								"south": {"uv": [378, 633], "uv_size": [70, 2]},
								"west": {"uv": [634, 512], "uv_size": [60, 2]},
								"up": {"uv": [364, 180], "uv_size": [70, 60]},
								"down": {"uv": [434, 300], "uv_size": [-70, -60]}
							}
						},
						{
							"origin": [-147, 124.5, -21.83686],
							"size": [70, 2, 59.67371],
							"inflate": 0.1,
							"pivot": [3, 137, 8],
							"rotation": [0, 22.5, 0],
							"uv": {
								"north": {"uv": [288, 634], "uv_size": [70, 2]},
								"east": {"uv": [634, 514], "uv_size": [60, 2]},
								"south": {"uv": [541, 634], "uv_size": [70, 2]},
								"west": {"uv": [634, 516], "uv_size": [60, 2]},
								"up": {"uv": [364, 300], "uv_size": [70, 60]},
								"down": {"uv": [356, 434], "uv_size": [-70, -60]}
							}
						},
						{
							"origin": [-147, 124.5, -21.83686],
							"size": [70, 2, 59.67371],
							"inflate": 0.1,
							"uv": {
								"north": {"uv": [611, 634], "uv_size": [70, 2]},
								"east": {"uv": [634, 518], "uv_size": [60, 2]},
								"south": {"uv": [634, 308], "uv_size": [70, 2]},
								"west": {"uv": [634, 520], "uv_size": [60, 2]},
								"up": {"uv": [180, 384], "uv_size": [70, 60]},
								"down": {"uv": [70, 482], "uv_size": [-70, -60]}
							}
						},
						{
							"origin": [-147, 124.5, -21.83686],
							"size": [70, 2, 59.67371],
							"inflate": 0.1,
							"pivot": [3, 137, 8],
							"rotation": [0, -22.5, 0],
							"uv": {
								"north": {"uv": [634, 310], "uv_size": [70, 2]},
								"east": {"uv": [634, 522], "uv_size": [60, 2]},
								"south": {"uv": [634, 312], "uv_size": [70, 2]},
								"west": {"uv": [634, 524], "uv_size": [60, 2]},
								"up": {"uv": [70, 422], "uv_size": [70, 60]},
								"down": {"uv": [426, 484], "uv_size": [-70, -60]}
							}
						}
					]
				}
			]
		}
	]
}