{
	"format_version": "1.12.0",
	"minecraft:geometry": [
		{
			"description": {
				"identifier": "geometry.mushroom_cloud",
				"texture_width": 716,
				"texture_height": 716,
				"visible_bounds_width": 100,
				"visible_bounds_height": 100,
				"visible_bounds_offset": [0, 0, 0]
			},
			"bones": [
				{
					"name": "bone",
					"pivot": [0, 24, 0]
				},
				{
					"name": "octagon2",
					"parent": "bone",
					"pivot": [6, 90, -7],
					"cubes": [
						{
							"origin": [-9.50967, 89.5, -46],
							"size": [20.01934, 1, 13],
							"pivot": [-2, 90, 1],
							"rotation": [0, -45, 0],
							"uv": {
								"north": {"uv": [344, 300], "uv_size": [20, 1]},
								"east": {"uv": [236, 504], "uv_size": [13, 1]},
								"south": {"uv": [120, 421], "uv_size": [20, 1]},
								"west": {"uv": [540, 321], "uv_size": [13, 1]},
								"up": {"uv": [106, 199], "uv_size": [20, 13]},
								"down": {"uv": [364, 293], "uv_size": [-20, -13]}
							}
						},
						{
							"origin": [-29.50967, 96.5, -104],
							"size": [54.01934, 1, 82],
							"pivot": [-2, 97, -48],
							"rotation": [-25, 0, 0],
							"uv": {
								"north": {"uv": [130, 128], "uv_size": [54, 1]},
								"east": {"uv": [625, 605], "uv_size": [82, 1]},
								"south": {"uv": [130, 129], "uv_size": [54, 1]},
								"west": {"uv": [631, 288], "uv_size": [82, 1]},
								"up": {"uv": [0, 74], "uv_size": [54, 82]},
								"down": {"uv": [184, 212], "uv_size": [-54, -82]}
							}
						},
						{
							"origin": [1.49033, 96.5, -88],
							"size": [57.01934, 2, 71],
							"pivot": [31, 97, -32],
							"rotation": [-25, -50, 0],
							"uv": {
								"north": {"uv": [634, 526], "uv_size": [57, 2]},
								"east": {"uv": [615, 430], "uv_size": [71, 2]},
								"south": {"uv": [634, 528], "uv_size": [57, 2]},
								"west": {"uv": [616, 496], "uv_size": [71, 2]},
								"up": {"uv": [426, 426], "uv_size": [57, 71]},
								"down": {"uv": [307, 505], "uv_size": [-57, -71]}
							}
						},
						{
							"origin": [24.49033, 98.5, -47],
							"size": [51.01934, 1, 72],
							"pivot": [47, 97, 1],
							"rotation": [-25, -90, 0],
							"uv": {
								"north": {"uv": [637, 2], "uv_size": [51, 1]},
								"east": {"uv": [634, 549], "uv_size": [72, 1]},
								"south": {"uv": [637, 3], "uv_size": [51, 1]},
								"west": {"uv": [634, 550], "uv_size": [72, 1]},
								"up": {"uv": [434, 0], "uv_size": [51, 72]},
								"down": {"uv": [485, 144], "uv_size": [-51, -72]}
							}
						},
						{
							"origin": [12.49033, 98.5, -16],
							"size": [47.01934, 1, 76],
							"pivot": [35, 99, 34],
							"rotation": [-25, -140, 0],
							"uv": {
								"north": {"uv": [557, 79], "uv_size": [47, 1]},
								"east": {"uv": [634, 545], "uv_size": [76, 1]},
								"south": {"uv": [637, 6], "uv_size": [47, 1]},
								"west": {"uv": [634, 546], "uv_size": [76, 1]},
								"up": {"uv": [307, 434], "uv_size": [47, 76]},
								"down": {"uv": [481, 220], "uv_size": [-47, -76]}
							}
						},
						{
							"origin": [-82.50967, 96.5, -52],
							"size": [52.01934, 1, 84],
							"pivot": [-57, 97, -1],
							"rotation": [-25, 85, 0],
							"uv": {
								"north": {"uv": [637, 0], "uv_size": [52, 1]},
								"east": {"uv": [617, 74], "uv_size": [84, 1]},
								"south": {"uv": [637, 1], "uv_size": [52, 1]},
								"west": {"uv": [625, 233], "uv_size": [84, 1]},
								"up": {"uv": [130, 0], "uv_size": [52, 84]},
								"down": {"uv": [106, 223], "uv_size": [-52, -84]}
							}
						},
						{
							"origin": [-67.50967, 96.5, -22],
							"size": [50.01934, 1, 66],
							"pivot": [-44, 97, 29],
							"rotation": [-25, 135, 0],
							"uv": {
								"north": {"uv": [637, 4], "uv_size": [50, 1]},
								"east": {"uv": [634, 579], "uv_size": [66, 1]},
								"south": {"uv": [637, 5], "uv_size": [50, 1]},
								"west": {"uv": [634, 580], "uv_size": [66, 1]},
								"up": {"uv": [0, 156], "uv_size": [50, 66]},
								"down": {"uv": [484, 348], "uv_size": [-50, -66]}
							}
						},
						{
							"origin": [-46.50967, 101.5, 16],
							"size": [65.01934, 1, 74],
							"pivot": [-11, 102, 53],
							"rotation": [-25, 180, 0],
							"uv": {
								"north": {"uv": [634, 581], "uv_size": [65, 1]},
								"east": {"uv": [634, 547], "uv_size": [74, 1]},
								"south": {"uv": [635, 606], "uv_size": [65, 1]},
								"west": {"uv": [634, 548], "uv_size": [74, 1]},
								"up": {"uv": [0, 0], "uv_size": [65, 74]},
								"down": {"uv": [130, 139], "uv_size": [-65, -74]}
							}
						},
						{
							"origin": [-67.50967, 96.5, -85],
							"size": [55.01934, 1, 62],
							"pivot": [-39, 97, -35],
							"rotation": [-25, 40, 0],
							"uv": {
								"north": {"uv": [426, 425], "uv_size": [55, 1]},
								"east": {"uv": [635, 607], "uv_size": [62, 1]},
								"south": {"uv": [635, 614], "uv_size": [55, 1]},
								"west": {"uv": [635, 608], "uv_size": [62, 1]},
								"up": {"uv": [65, 0], "uv_size": [55, 62]},
								"down": {"uv": [489, 282], "uv_size": [-55, -62]}
							}
						},
						{
							"origin": [-28.50967, 97.5, -39],
							"size": [53.01934, 1, 34],
							"pivot": [-2, 98, -20],
							"rotation": [30, 0, 0],
							"uv": {
								"north": {"uv": [0, 222], "uv_size": [53, 1]},
								"east": {"uv": [485, 140], "uv_size": [34, 1]},
								"south": {"uv": [541, 636], "uv_size": [53, 1]},
								"west": {"uv": [485, 141], "uv_size": [34, 1]},
								"up": {"uv": [130, 84], "uv_size": [53, 34]},
								"down": {"uv": [53, 397], "uv_size": [-53, -34]}
							}
						},
						{
							"origin": [-28.50967, 92.5, 7],
							"size": [53.01934, 6, 29],
							"pivot": [-2, 98, 26],
							"rotation": [-30, 0, 0],
							"uv": {
								"north": {"uv": [545, 234], "uv_size": [53, 6]},
								"east": {"uv": [484, 322], "uv_size": [29, 6]},
								"south": {"uv": [561, 154], "uv_size": [53, 6]},
								"west": {"uv": [484, 328], "uv_size": [29, 6]},
								"up": {"uv": [523, 482], "uv_size": [53, 29]},
								"down": {"uv": [369, 553], "uv_size": [-53, -29]}
							}
						},
						{
							"origin": [-57.50967, 97.5, -22],
							"size": [55.01934, 1, 34],
							"pivot": [-23, 98, -3],
							"rotation": [30, 90, 0],
							"uv": {
								"north": {"uv": [635, 615], "uv_size": [55, 1]},
								"east": {"uv": [485, 142], "uv_size": [34, 1]},
								"south": {"uv": [300, 636], "uv_size": [55, 1]},
								"west": {"uv": [485, 143], "uv_size": [34, 1]},
								"up": {"uv": [184, 140], "uv_size": [55, 34]},
								"down": {"uv": [299, 244], "uv_size": [-55, -34]}
							}
						},
						{
							"origin": [0.49033, 94.5, -8],
							"size": [47.01934, 4, 29],
							"pivot": [27, 98, 6],
							"rotation": [30, -90, 0],
							"uv": {
								"north": {"uv": [364, 360], "uv_size": [47, 4]},
								"east": {"uv": [180, 380], "uv_size": [29, 4]},
								"south": {"uv": [557, 75], "uv_size": [47, 4]},
								"west": {"uv": [0, 418], "uv_size": [29, 4]},
								"up": {"uv": [434, 388], "uv_size": [47, 29]},
								"down": {"uv": [571, 293], "uv_size": [-47, -29]}
							}
						},
						{
							"origin": [-20.50967, 89.5, 33],
							"size": [31.01934, 1, 7],
							"pivot": [-2, 90, 1],
							"rotation": [0, -45, 0],
							"uv": {
								"north": {"uv": [394, 496], "uv_size": [31, 1]},
								"east": {"uv": [357, 301], "uv_size": [7, 1]},
								"south": {"uv": [316, 520], "uv_size": [31, 1]},
								"west": {"uv": [357, 302], "uv_size": [7, 1]},
								"up": {"uv": [483, 476], "uv_size": [31, 7]},
								"down": {"uv": [425, 491], "uv_size": [-31, -7]}
							}
						},
						{
							"origin": [-28.50967, 89.5, 35],
							"size": [53.01934, 3, 1],
							"uv": {
								"north": {"uv": [65, 62], "uv_size": [53, 3]},
								"east": {"uv": [64, 127], "uv_size": [1, 3]},
								"south": {"uv": [304, 301], "uv_size": [53, 3]},
								"west": {"uv": [129, 62], "uv_size": [1, 3]},
								"up": {"uv": [594, 636], "uv_size": [53, 1]},
								"down": {"uv": [353, 638], "uv_size": [-53, -1]}
							}
						},
						{
							"origin": [32, 89.5, -15.50967],
							"size": [11, 1, 25.01934],
							"pivot": [-2, 90, 1],
							"rotation": [0, -45, 0],
							"uv": {
								"north": {"uv": [128, 502], "uv_size": [11, 1]},
								"east": {"uv": [250, 431], "uv_size": [25, 1]},
								"south": {"uv": [513, 281], "uv_size": [11, 1]},
								"west": {"uv": [250, 432], "uv_size": [25, 1]},
								"up": {"uv": [120, 394], "uv_size": [11, 25]},
								"down": {"uv": [51, 422], "uv_size": [-11, -25]}
							}
						},
						{
							"origin": [32, 89.5, -25.50967],
							"size": [6, 1, 53.01934],
							"uv": {
								"north": {"uv": [178, 252], "uv_size": [6, 1]},
								"east": {"uv": [541, 637], "uv_size": [53, 1]},
								"south": {"uv": [178, 253], "uv_size": [6, 1]},
								"west": {"uv": [594, 637], "uv_size": [53, 1]},
								"up": {"uv": [100, 223], "uv_size": [6, 53]},
								"down": {"uv": [244, 307], "uv_size": [-6, -53]}
							}
						},
						{
							"origin": [-29.64823, 89.5, -60.1579],
							"size": [11, 3, 53.01934],
							"pivot": [-36.64823, 90, -33.64823],
							"rotation": [0, -50, 0],
							"uv": {
								"north": {"uv": [118, 62], "uv_size": [11, 3]},
								"east": {"uv": [585, 582], "uv_size": [53, 3]},
								"south": {"uv": [209, 380], "uv_size": [11, 3]},
								"west": {"uv": [617, 71], "uv_size": [53, 3]},
								"up": {"uv": [54, 74], "uv_size": [11, 53]},
								"down": {"uv": [101, 657], "uv_size": [-11, -53]}
							}
						},
						{
							"origin": [-49, 89.5, -25.50967],
							"size": [13, 1, 47.01934],
							"uv": {
								"north": {"uv": [620, 308], "uv_size": [13, 1]},
								"east": {"uv": [637, 7], "uv_size": [47, 1]},
								"south": {"uv": [638, 582], "uv_size": [13, 1]},
								"west": {"uv": [637, 8], "uv_size": [47, 1]},
								"up": {"uv": [250, 384], "uv_size": [13, 47]},
								"down": {"uv": [276, 431], "uv_size": [-13, -47]}
							}
						}
					]
				},
				{
					"name": "hexadecagon",
					"parent": "bone",
					"pivot": [8, 77, -7],
					"cubes": [
						{
							"origin": [-5.96737, 75.5, -29],
							"size": [11.93474, 2, 10],
							"pivot": [0, 77, 1],
							"rotation": [0, 45, 0],
							"uv": {
								"north": {"uv": [166, 252], "uv_size": [12, 2]},
								"east": {"uv": [234, 181], "uv_size": [10, 2]},
								"south": {"uv": [411, 360], "uv_size": [12, 2]},
								"west": {"uv": [29, 418], "uv_size": [10, 2]},
								"up": {"uv": [112, 482], "uv_size": [12, 10]},
								"down": {"uv": [136, 492], "uv_size": [-12, -10]}
							}
						},
						{
							"origin": [-5.96737, 75.5, -29],
							"size": [11.93474, 2, 10],
							"pivot": [0, 77, 1],
							"rotation": [0, 22.5, 0],
							"uv": {
								"north": {"uv": [411, 362], "uv_size": [12, 2]},
								"east": {"uv": [29, 420], "uv_size": [10, 2]},
								"south": {"uv": [120, 419], "uv_size": [12, 2]},
								"west": {"uv": [423, 360], "uv_size": [10, 2]},
								"up": {"uv": [484, 334], "uv_size": [12, 10]},
								"down": {"uv": [497, 130], "uv_size": [-12, -10]}
							}
						},
						{
							"origin": [-5.96737, 75.5, -29],
							"size": [11.93474, 2, 10],
							"uv": {
								"north": {"uv": [484, 344], "uv_size": [12, 2]},
								"east": {"uv": [423, 362], "uv_size": [10, 2]},
								"south": {"uv": [484, 346], "uv_size": [12, 2]},
								"west": {"uv": [598, 234], "uv_size": [10, 2]},
								"up": {"uv": [485, 130], "uv_size": [12, 10]},
								"down": {"uv": [501, 274], "uv_size": [-12, -10]}
							}
						},
						{
							"origin": [-5.96737, 75.5, -29],
							"size": [11.93474, 2, 10],
							"pivot": [0, 77, 1],
							"rotation": [0, -22.5, 0],
							"uv": {
								"north": {"uv": [496, 344], "uv_size": [12, 2]},
								"east": {"uv": [598, 236], "uv_size": [10, 2]},
								"south": {"uv": [496, 346], "uv_size": [12, 2]},
								"west": {"uv": [598, 238], "uv_size": [10, 2]},
								"up": {"uv": [112, 492], "uv_size": [12, 10]},
								"down": {"uv": [136, 502], "uv_size": [-12, -10]}
							}
						},
						{
							"origin": [-5.96737, 75.5, -29],
							"size": [11.93474, 2, 10],
							"pivot": [0, 77, 1],
							"rotation": [0, -45, 0],
							"uv": {
								"north": {"uv": [316, 521], "uv_size": [12, 2]},
								"east": {"uv": [637, 39], "uv_size": [10, 2]},
								"south": {"uv": [328, 521], "uv_size": [12, 2]},
								"west": {"uv": [637, 41], "uv_size": [10, 2]},
								"up": {"uv": [496, 334], "uv_size": [12, 10]},
								"down": {"uv": [509, 130], "uv_size": [-12, -10]}
							}
						},
						{
							"origin": [-5.96737, 75.5, 21],
							"size": [11.93474, 2, 10],
							"pivot": [0, 77, 1],
							"rotation": [0, 45, 0],
							"uv": {
								"north": {"uv": [340, 521], "uv_size": [12, 2]},
								"east": {"uv": [637, 43], "uv_size": [10, 2]},
								"south": {"uv": [523, 521], "uv_size": [12, 2]},
								"west": {"uv": [637, 45], "uv_size": [10, 2]},
								"up": {"uv": [497, 130], "uv_size": [12, 10]},
								"down": {"uv": [513, 274], "uv_size": [-12, -10]}
							}
						},
						{
							"origin": [-5.96737, 75.5, 21],
							"size": [11.93474, 2, 10],
							"pivot": [0, 77, 1],
							"rotation": [0, 22.5, 0],
							"uv": {
								"north": {"uv": [524, 319], "uv_size": [12, 2]},
								"east": {"uv": [637, 47], "uv_size": [10, 2]},
								"south": {"uv": [535, 521], "uv_size": [12, 2]},
								"west": {"uv": [637, 49], "uv_size": [10, 2]},
								"up": {"uv": [509, 120], "uv_size": [12, 10]},
								"down": {"uv": [521, 140], "uv_size": [-12, -10]}
							}
						},
						{
							"origin": [-5.96737, 75.5, 21],
							"size": [11.93474, 2, 10],
							"uv": {
								"north": {"uv": [288, 571], "uv_size": [12, 2]},
								"east": {"uv": [637, 51], "uv_size": [10, 2]},
								"south": {"uv": [300, 571], "uv_size": [12, 2]},
								"west": {"uv": [637, 53], "uv_size": [10, 2]},
								"up": {"uv": [316, 510], "uv_size": [12, 10]},
								"down": {"uv": [340, 520], "uv_size": [-12, -10]}
							}
						},
						{
							"origin": [-5.96737, 75.5, 21],
							"size": [11.93474, 2, 10],
							"pivot": [0, 77, 1],
							"rotation": [0, -22.5, 0],
							"uv": {
								"north": {"uv": [571, 289], "uv_size": [12, 2]},
								"east": {"uv": [637, 55], "uv_size": [10, 2]},
								"south": {"uv": [571, 291], "uv_size": [12, 2]},
								"west": {"uv": [637, 57], "uv_size": [10, 2]},
								"up": {"uv": [340, 510], "uv_size": [12, 10]},
								"down": {"uv": [535, 521], "uv_size": [-12, -10]}
							}
						},
						{
							"origin": [-5.96737, 75.5, 21],
							"size": [11.93474, 2, 10],
							"pivot": [0, 77, 1],
							"rotation": [0, -45, 0],
							"uv": {
								"north": {"uv": [356, 572], "uv_size": [12, 2]},
								"east": {"uv": [637, 59], "uv_size": [10, 2]},
								"south": {"uv": [583, 289], "uv_size": [12, 2]},
								"west": {"uv": [637, 61], "uv_size": [10, 2]},
								"up": {"uv": [524, 309], "uv_size": [12, 10]},
								"down": {"uv": [547, 521], "uv_size": [-12, -10]}
							}
						},
						{
							"origin": [20, 75.5, -4.96737],
							"size": [10, 2, 11.93474],
							"pivot": [0, 77, 1],
							"rotation": [0, 22.5, 0],
							"uv": {
								"north": {"uv": [300, 638], "uv_size": [10, 2]},
								"east": {"uv": [583, 291], "uv_size": [12, 2]},
								"south": {"uv": [310, 638], "uv_size": [10, 2]},
								"west": {"uv": [603, 475], "uv_size": [12, 2]},
								"up": {"uv": [120, 50], "uv_size": [10, 12]},
								"down": {"uv": [64, 139], "uv_size": [-10, -12]}
							}
						},
						{
							"origin": [20, 75.5, -4.96737],
							"size": [10, 2, 11.93474],
							"uv": {
								"north": {"uv": [320, 638], "uv_size": [10, 2]},
								"east": {"uv": [637, 19], "uv_size": [12, 2]},
								"south": {"uv": [330, 638], "uv_size": [10, 2]},
								"west": {"uv": [637, 21], "uv_size": [12, 2]},
								"up": {"uv": [513, 264], "uv_size": [10, 12]},
								"down": {"uv": [546, 321], "uv_size": [-10, -12]}
							}
						},
						{
							"origin": [20, 75.5, -4.96737],
							"size": [10, 2, 11.93474],
							"pivot": [0, 77, 1],
							"rotation": [0, -22.5, 0],
							"uv": {
								"north": {"uv": [340, 638], "uv_size": [10, 2]},
								"east": {"uv": [637, 23], "uv_size": [12, 2]},
								"south": {"uv": [541, 638], "uv_size": [10, 2]},
								"west": {"uv": [637, 25], "uv_size": [12, 2]},
								"up": {"uv": [208, 553], "uv_size": [10, 12]},
								"down": {"uv": [228, 565], "uv_size": [-10, -12]}
							}
						},
						{
							"origin": [-30, 75.5, -4.96737],
							"size": [10, 2, 11.93474],
							"pivot": [0, 77, 1],
							"rotation": [0, 22.5, 0],
							"uv": {
								"north": {"uv": [551, 638], "uv_size": [10, 2]},
								"east": {"uv": [637, 27], "uv_size": [12, 2]},
								"south": {"uv": [561, 638], "uv_size": [10, 2]},
								"west": {"uv": [637, 29], "uv_size": [12, 2]},
								"up": {"uv": [356, 553], "uv_size": [10, 12]},
								"down": {"uv": [586, 510], "uv_size": [-10, -12]}
							}
						},
						{
							"origin": [-30, 75.5, -4.96737],
							"size": [10, 2, 11.93474],
							"uv": {
								"north": {"uv": [571, 638], "uv_size": [10, 2]},
								"east": {"uv": [637, 31], "uv_size": [12, 2]},
								"south": {"uv": [581, 638], "uv_size": [10, 2]},
								"west": {"uv": [637, 33], "uv_size": [12, 2]},
								"up": {"uv": [152, 583], "uv_size": [10, 12]},
								"down": {"uv": [216, 640], "uv_size": [-10, -12]}
							}
						},
						{
							"origin": [-30, 75.5, -4.96737],
							"size": [10, 2, 11.93474],
							"pivot": [0, 77, 1],
							"rotation": [0, -22.5, 0],
							"uv": {
								"north": {"uv": [591, 638], "uv_size": [10, 2]},
								"east": {"uv": [637, 35], "uv_size": [12, 2]},
								"south": {"uv": [601, 638], "uv_size": [10, 2]},
								"west": {"uv": [637, 37], "uv_size": [12, 2]},
								"up": {"uv": [216, 628], "uv_size": [10, 12]},
								"down": {"uv": [236, 640], "uv_size": [-10, -12]}
							}
						}
					]
				},
				{
					"name": "hexadecagon1",
					"parent": "bone",
					"pivot": [8, 64, -7],
					"cubes": [
						{
							"origin": [-3.97825, 63.5, -19],
							"size": [7.95649, 1, 5],
							"pivot": [0, 64, 1],
							"rotation": [0, 45, 0],
							"uv": {
								"north": {"uv": [481, 219], "uv_size": [8, 1]},
								"east": {"uv": [239, 172], "uv_size": [5, 1]},
								"south": {"uv": [514, 386], "uv_size": [8, 1]},
								"west": {"uv": [239, 173], "uv_size": [5, 1]},
								"up": {"uv": [418, 491], "uv_size": [8, 5]},
								"down": {"uv": [521, 281], "uv_size": [-8, -5]}
							}
						},
						{
							"origin": [-3.97825, 63.5, -19],
							"size": [7.95649, 1, 5],
							"pivot": [0, 64, 1],
							"rotation": [0, 22.5, 0],
							"uv": {
								"north": {"uv": [514, 387], "uv_size": [8, 1]},
								"east": {"uv": [100, 276], "uv_size": [5, 1]},
								"south": {"uv": [514, 481], "uv_size": [8, 1]},
								"west": {"uv": [100, 277], "uv_size": [5, 1]},
								"up": {"uv": [514, 476], "uv_size": [8, 5]},
								"down": {"uv": [529, 165], "uv_size": [-8, -5]}
							}
						},
						{
							"origin": [-3.97825, 63.5, -19],
							"size": [7.95649, 1, 5],
							"uv": {
								"north": {"uv": [514, 482], "uv_size": [8, 1]},
								"east": {"uv": [100, 278], "uv_size": [5, 1]},
								"south": {"uv": [474, 521], "uv_size": [8, 1]},
								"west": {"uv": [100, 279], "uv_size": [5, 1]},
								"up": {"uv": [521, 165], "uv_size": [8, 5]},
								"down": {"uv": [529, 175], "uv_size": [-8, -5]}
							}
						},
						{
							"origin": [-3.97825, 63.5, -19],
							"size": [7.95649, 1, 5],
							"pivot": [0, 64, 1],
							"rotation": [0, -22.5, 0],
							"uv": {
								"north": {"uv": [521, 180], "uv_size": [8, 1]},
								"east": {"uv": [100, 280], "uv_size": [5, 1]},
								"south": {"uv": [521, 181], "uv_size": [8, 1]},
								"west": {"uv": [100, 281], "uv_size": [5, 1]},
								"up": {"uv": [521, 175], "uv_size": [8, 5]},
								"down": {"uv": [393, 529], "uv_size": [-8, -5]}
							}
						},
						{
							"origin": [-3.97825, 63.5, -19],
							"size": [7.95649, 1, 5],
							"pivot": [0, 64, 1],
							"rotation": [0, -45, 0],
							"uv": {
								"north": {"uv": [521, 182], "uv_size": [8, 1]},
								"east": {"uv": [299, 242], "uv_size": [5, 1]},
								"south": {"uv": [521, 183], "uv_size": [8, 1]},
								"west": {"uv": [299, 243], "uv_size": [5, 1]},
								"up": {"uv": [385, 529], "uv_size": [8, 5]},
								"down": {"uv": [473, 542], "uv_size": [-8, -5]}
							}
						},
						{
							"origin": [-3.97825, 63.5, 16],
							"size": [7.95649, 1, 5],
							"pivot": [0, 64, 1],
							"rotation": [0, 45, 0],
							"uv": {
								"north": {"uv": [474, 522], "uv_size": [8, 1]},
								"east": {"uv": [238, 307], "uv_size": [5, 1]},
								"south": {"uv": [385, 534], "uv_size": [8, 1]},
								"west": {"uv": [238, 308], "uv_size": [5, 1]},
								"up": {"uv": [465, 542], "uv_size": [8, 5]},
								"down": {"uv": [554, 314], "uv_size": [-8, -5]}
							}
						},
						{
							"origin": [-3.97825, 63.5, 16],
							"size": [7.95649, 1, 5],
							"pivot": [0, 64, 1],
							"rotation": [0, 22.5, 0],
							"uv": {
								"north": {"uv": [385, 535], "uv_size": [8, 1]},
								"east": {"uv": [238, 309], "uv_size": [5, 1]},
								"south": {"uv": [385, 536], "uv_size": [8, 1]},
								"west": {"uv": [238, 310], "uv_size": [5, 1]},
								"up": {"uv": [546, 314], "uv_size": [8, 5]},
								"down": {"uv": [473, 552], "uv_size": [-8, -5]}
							}
						},
						{
							"origin": [-3.97825, 63.5, 16],
							"size": [7.95649, 1, 5],
							"uv": {
								"north": {"uv": [546, 319], "uv_size": [8, 1]},
								"east": {"uv": [238, 311], "uv_size": [5, 1]},
								"south": {"uv": [546, 320], "uv_size": [8, 1]},
								"west": {"uv": [238, 312], "uv_size": [5, 1]},
								"up": {"uv": [465, 552], "uv_size": [8, 5]},
								"down": {"uv": [236, 558], "uv_size": [-8, -5]}
							}
						},
						{
							"origin": [-3.97825, 63.5, 16],
							"size": [7.95649, 1, 5],
							"pivot": [0, 64, 1],
							"rotation": [0, -22.5, 0],
							"uv": {
								"north": {"uv": [554, 361], "uv_size": [8, 1]},
								"east": {"uv": [238, 313], "uv_size": [5, 1]},
								"south": {"uv": [465, 562], "uv_size": [8, 1]},
								"west": {"uv": [160, 314], "uv_size": [5, 1]},
								"up": {"uv": [554, 351], "uv_size": [8, 5]},
								"down": {"uv": [562, 361], "uv_size": [-8, -5]}
							}
						},
						{
							"origin": [-3.97825, 63.5, 16],
							"size": [7.95649, 1, 5],
							"pivot": [0, 64, 1],
							"rotation": [0, -45, 0],
							"uv": {
								"north": {"uv": [228, 563], "uv_size": [8, 1]},
								"east": {"uv": [298, 314], "uv_size": [5, 1]},
								"south": {"uv": [545, 563], "uv_size": [8, 1]},
								"west": {"uv": [160, 315], "uv_size": [5, 1]},
								"up": {"uv": [465, 557], "uv_size": [8, 5]},
								"down": {"uv": [236, 563], "uv_size": [-8, -5]}
							}
						},
						{
							"origin": [15, 63.5, -2.97825],
							"size": [5, 1, 7.95649],
							"pivot": [0, 64, 1],
							"rotation": [0, 22.5, 0],
							"uv": {
								"north": {"uv": [298, 315], "uv_size": [5, 1]},
								"east": {"uv": [228, 564], "uv_size": [8, 1]},
								"south": {"uv": [160, 316], "uv_size": [5, 1]},
								"west": {"uv": [545, 564], "uv_size": [8, 1]},
								"up": {"uv": [239, 140], "uv_size": [5, 8]},
								"down": {"uv": [244, 156], "uv_size": [-5, -8]}
							}
						},
						{
							"origin": [15, 63.5, -2.97825],
							"size": [5, 1, 7.95649],
							"uv": {
								"north": {"uv": [298, 316], "uv_size": [5, 1]},
								"east": {"uv": [224, 565], "uv_size": [8, 1]},
								"south": {"uv": [160, 317], "uv_size": [5, 1]},
								"west": {"uv": [545, 565], "uv_size": [8, 1]},
								"up": {"uv": [239, 156], "uv_size": [5, 8]},
								"down": {"uv": [244, 172], "uv_size": [-5, -8]}
							}
						},
						{
							"origin": [15, 63.5, -2.97825],
							"size": [5, 1, 7.95649],
							"pivot": [0, 64, 1],
							"rotation": [0, -22.5, 0],
							"uv": {
								"north": {"uv": [298, 317], "uv_size": [5, 1]},
								"east": {"uv": [545, 566], "uv_size": [8, 1]},
								"south": {"uv": [160, 318], "uv_size": [5, 1]},
								"west": {"uv": [545, 567], "uv_size": [8, 1]},
								"up": {"uv": [160, 282], "uv_size": [5, 8]},
								"down": {"uv": [165, 298], "uv_size": [-5, -8]}
							}
						},
						{
							"origin": [-20, 63.5, -2.97825],
							"size": [5, 1, 7.95649],
							"pivot": [0, 64, 1],
							"rotation": [0, 22.5, 0],
							"uv": {
								"north": {"uv": [298, 318], "uv_size": [5, 1]},
								"east": {"uv": [545, 568], "uv_size": [8, 1]},
								"south": {"uv": [160, 319], "uv_size": [5, 1]},
								"west": {"uv": [545, 569], "uv_size": [8, 1]},
								"up": {"uv": [160, 298], "uv_size": [5, 8]},
								"down": {"uv": [304, 218], "uv_size": [-5, -8]}
							}
						},
						{
							"origin": [-20, 63.5, -2.97825],
							"size": [5, 1, 7.95649],
							"uv": {
								"north": {"uv": [298, 319], "uv_size": [5, 1]},
								"east": {"uv": [545, 570], "uv_size": [8, 1]},
								"south": {"uv": [160, 320], "uv_size": [5, 1]},
								"west": {"uv": [545, 571], "uv_size": [8, 1]},
								"up": {"uv": [299, 218], "uv_size": [5, 8]},
								"down": {"uv": [304, 234], "uv_size": [-5, -8]}
							}
						},
						{
							"origin": [-20, 63.5, -2.97825],
							"size": [5, 1, 7.95649],
							"pivot": [0, 64, 1],
							"rotation": [0, -22.5, 0],
							"uv": {
								"north": {"uv": [298, 320], "uv_size": [5, 1]},
								"east": {"uv": [545, 572], "uv_size": [8, 1]},
								"south": {"uv": [160, 321], "uv_size": [5, 1]},
								"west": {"uv": [304, 573], "uv_size": [8, 1]},
								"up": {"uv": [299, 234], "uv_size": [5, 8]},
								"down": {"uv": [165, 314], "uv_size": [-5, -8]}
							}
						}
					]
				},
				{
					"name": "hexadecagon2",
					"parent": "bone",
					"pivot": [13, 126, -6],
					"cubes": [
						{
							"origin": [-14.89124, 105.5, -98],
							"size": [39.78247, 21, 40],
							"pivot": [5, 126, 2],
							"rotation": [0, 45, 0],
							"uv": {
								"north": {"uv": [304, 280], "uv_size": [40, 21]},
								"east": {"uv": [0, 397], "uv_size": [40, 21]},
								"south": {"uv": [112, 543], "uv_size": [40, 21]},
								"west": {"uv": [236, 545], "uv_size": [40, 21]},
								"up": {"uv": [60, 223], "uv_size": [40, 40]},
								"down": {"uv": [160, 322], "uv_size": [-40, -40]}
							}
						},
						{
							"origin": [-14.89124, 105.5, -98],
							"size": [39.78247, 21, 40],
							"pivot": [5, 126, 2],
							"rotation": [0, 22.5, 0],
							"uv": {
								"north": {"uv": [545, 192], "uv_size": [40, 21]},
								"east": {"uv": [545, 213], "uv_size": [40, 21]},
								"south": {"uv": [276, 550], "uv_size": [40, 21]},
								"west": {"uv": [168, 553], "uv_size": [40, 21]},
								"up": {"uv": [180, 324], "uv_size": [40, 40]},
								"down": {"uv": [474, 388], "uv_size": [-40, -40]}
							}
						},
						{
							"origin": [-14.89124, 105.5, -98],
							"size": [39.78247, 21, 40],
							"uv": {
								"north": {"uv": [316, 553], "uv_size": [40, 21]},
								"east": {"uv": [554, 554], "uv_size": [40, 21]},
								"south": {"uv": [554, 309], "uv_size": [40, 21]},
								"west": {"uv": [554, 330], "uv_size": [40, 21]},
								"up": {"uv": [474, 348], "uv_size": [40, 40]},
								"down": {"uv": [521, 184], "uv_size": [-40, -40]}
							}
						},
						{
							"origin": [-14.89124, 105.5, -98],
							"size": [39.78247, 21, 40],
							"pivot": [5, 126, 2],
							"rotation": [0, -22.5, 0],
							"uv": {
								"north": {"uv": [554, 511], "uv_size": [40, 21]},
								"east": {"uv": [554, 532], "uv_size": [40, 21]},
								"south": {"uv": [557, 0], "uv_size": [40, 21]},
								"west": {"uv": [557, 21], "uv_size": [40, 21]},
								"up": {"uv": [32, 482], "uv_size": [40, 40]},
								"down": {"uv": [112, 522], "uv_size": [-40, -40]}
							}
						},
						{
							"origin": [-14.89124, 105.5, -98],
							"size": [39.78247, 21, 40],
							"pivot": [5, 126, 2],
							"rotation": [0, -45, 0],
							"uv": {
								"north": {"uv": [557, 42], "uv_size": [40, 21]},
								"east": {"uv": [561, 112], "uv_size": [40, 21]},
								"south": {"uv": [561, 133], "uv_size": [40, 21]},
								"west": {"uv": [32, 562], "uv_size": [40, 21]},
								"up": {"uv": [483, 483], "uv_size": [40, 40]},
								"down": {"uv": [523, 428], "uv_size": [-40, -40]}
							}
						},
						{
							"origin": [-14.89124, 105.5, 62],
							"size": [39.78247, 21, 40],
							"pivot": [5, 126, 2],
							"rotation": [0, 45, 0],
							"uv": {
								"north": {"uv": [72, 562], "uv_size": [40, 21]},
								"east": {"uv": [465, 563], "uv_size": [40, 21]},
								"south": {"uv": [505, 563], "uv_size": [40, 21]},
								"west": {"uv": [563, 351], "uv_size": [40, 21]},
								"up": {"uv": [483, 428], "uv_size": [40, 40]},
								"down": {"uv": [394, 524], "uv_size": [-40, -40]}
							}
						},
						{
							"origin": [-14.89124, 105.5, 62],
							"size": [39.78247, 21, 40],
							"pivot": [5, 126, 2],
							"rotation": [0, 22.5, 0],
							"uv": {
								"north": {"uv": [563, 372], "uv_size": [40, 21]},
								"east": {"uv": [563, 393], "uv_size": [40, 21]},
								"south": {"uv": [563, 414], "uv_size": [40, 21]},
								"west": {"uv": [563, 435], "uv_size": [40, 21]},
								"up": {"uv": [484, 282], "uv_size": [40, 40]},
								"down": {"uv": [525, 40], "uv_size": [-40, -40]}
							}
						},
						{
							"origin": [-14.89124, 105.5, 62],
							"size": [39.78247, 21, 40],
							"uv": {
								"north": {"uv": [563, 456], "uv_size": [40, 21]},
								"east": {"uv": [112, 564], "uv_size": [40, 21]},
								"south": {"uv": [208, 566], "uv_size": [40, 21]},
								"west": {"uv": [248, 571], "uv_size": [40, 21]},
								"up": {"uv": [485, 40], "uv_size": [40, 40]},
								"down": {"uv": [525, 120], "uv_size": [-40, -40]}
							}
						},
						{
							"origin": [-14.89124, 105.5, 62],
							"size": [39.78247, 21, 40],
							"pivot": [5, 126, 2],
							"rotation": [0, -22.5, 0],
							"uv": {
								"north": {"uv": [571, 256], "uv_size": [40, 21]},
								"east": {"uv": [168, 574], "uv_size": [40, 21]},
								"south": {"uv": [288, 574], "uv_size": [40, 21]},
								"west": {"uv": [328, 574], "uv_size": [40, 21]},
								"up": {"uv": [489, 184], "uv_size": [40, 40]},
								"down": {"uv": [529, 264], "uv_size": [-40, -40]}
							}
						},
						{
							"origin": [-14.89124, 105.5, 62],
							"size": [39.78247, 21, 40],
							"pivot": [5, 126, 2],
							"rotation": [0, -45, 0],
							"uv": {
								"north": {"uv": [545, 575], "uv_size": [40, 21]},
								"east": {"uv": [576, 477], "uv_size": [40, 21]},
								"south": {"uv": [32, 583], "uv_size": [40, 21]},
								"west": {"uv": [72, 583], "uv_size": [40, 21]},
								"up": {"uv": [394, 497], "uv_size": [40, 40]},
								"down": {"uv": [474, 537], "uv_size": [-40, -40]}
							}
						},
						{
							"origin": [65, 105.5, -17.89124],
							"size": [40, 21, 39.78247],
							"pivot": [5, 126, 2],
							"rotation": [0, 22.5, 0],
							"uv": {
								"north": {"uv": [465, 584], "uv_size": [40, 21]},
								"east": {"uv": [505, 584], "uv_size": [40, 21]},
								"south": {"uv": [112, 585], "uv_size": [40, 21]},
								"west": {"uv": [585, 585], "uv_size": [40, 21]},
								"up": {"uv": [112, 503], "uv_size": [40, 40]},
								"down": {"uv": [276, 545], "uv_size": [-40, -40]}
							}
						},
						{
							"origin": [65, 105.5, -17.89124],
							"size": [40, 21, 39.78247],
							"uv": {
								"north": {"uv": [585, 192], "uv_size": [40, 21]},
								"east": {"uv": [585, 213], "uv_size": [40, 21]},
								"south": {"uv": [208, 587], "uv_size": [40, 21]},
								"west": {"uv": [248, 592], "uv_size": [40, 21]},
								"up": {"uv": [276, 510], "uv_size": [40, 40]},
								"down": {"uv": [554, 362], "uv_size": [-40, -40]}
							}
						},
						{
							"origin": [65, 105.5, -17.89124],
							"size": [40, 21, 39.78247],
							"pivot": [5, 126, 2],
							"rotation": [0, -22.5, 0],
							"uv": {
								"north": {"uv": [594, 309], "uv_size": [40, 21]},
								"east": {"uv": [594, 330], "uv_size": [40, 21]},
								"south": {"uv": [594, 498], "uv_size": [40, 21]},
								"west": {"uv": [594, 519], "uv_size": [40, 21]},
								"up": {"uv": [521, 120], "uv_size": [40, 40]},
								"down": {"uv": [72, 562], "uv_size": [-40, -40]}
							}
						},
						{
							"origin": [-95, 105.5, -17.89124],
							"size": [40, 21, 39.78247],
							"pivot": [5, 126, 2],
							"rotation": [0, 22.5, 0],
							"uv": {
								"north": {"uv": [594, 540], "uv_size": [40, 21]},
								"east": {"uv": [594, 561], "uv_size": [40, 21]},
								"south": {"uv": [152, 595], "uv_size": [40, 21]},
								"west": {"uv": [288, 595], "uv_size": [40, 21]},
								"up": {"uv": [72, 522], "uv_size": [40, 40]},
								"down": {"uv": [514, 563], "uv_size": [-40, -40]}
							}
						},
						{
							"origin": [-95, 105.5, -17.89124],
							"size": [40, 21, 39.78247],
							"uv": {
								"north": {"uv": [328, 595], "uv_size": [40, 21]},
								"east": {"uv": [545, 596], "uv_size": [40, 21]},
								"south": {"uv": [597, 0], "uv_size": [40, 21]},
								"west": {"uv": [597, 21], "uv_size": [40, 21]},
								"up": {"uv": [514, 523], "uv_size": [40, 40]},
								"down": {"uv": [563, 402], "uv_size": [-40, -40]}
							}
						},
						{
							"origin": [-95, 105.5, -17.89124],
							"size": [40, 21, 39.78247],
							"pivot": [5, 126, 2],
							"rotation": [0, -22.5, 0],
							"uv": {
								"north": {"uv": [597, 42], "uv_size": [40, 21]},
								"east": {"uv": [601, 112], "uv_size": [40, 21]},
								"south": {"uv": [601, 133], "uv_size": [40, 21]},
								"west": {"uv": [603, 351], "uv_size": [40, 21]},
								"up": {"uv": [523, 402], "uv_size": [40, 40]},
								"down": {"uv": [563, 482], "uv_size": [-40, -40]}
							}
						}
					]
				},
				{
					"name": "hexadecagon3",
					"parent": "bone",
					"pivot": [11, 137, 0],
					"cubes": [
						{
							"origin": [-26.83686, 124.5, -142],
							"size": [59.67371, 2, 70],
							"pivot": [3, 137, 8],
							"rotation": [0, 45, 0],
							"uv": {
								"north": {"uv": [634, 314], "uv_size": [60, 2]},
								"east": {"uv": [625, 229], "uv_size": [70, 2]},
								"south": {"uv": [634, 316], "uv_size": [60, 2]},
								"west": {"uv": [625, 231], "uv_size": [70, 2]},
								"up": {"uv": [182, 0], "uv_size": [60, 70]},
								"down": {"uv": [244, 254], "uv_size": [-60, -70]}
							}
						},
						{
							"origin": [-26.83686, 124.5, -142],
							"size": [59.67371, 2, 70],
							"pivot": [3, 137, 8],
							"rotation": [0, 22.5, 0],
							"uv": {
								"north": {"uv": [634, 318], "uv_size": [60, 2]},
								"east": {"uv": [625, 585], "uv_size": [70, 2]},
								"south": {"uv": [634, 320], "uv_size": [60, 2]},
								"west": {"uv": [625, 587], "uv_size": [70, 2]},
								"up": {"uv": [184, 70], "uv_size": [60, 70]},
								"down": {"uv": [166, 282], "uv_size": [-60, -70]}
							}
						},
						{
							"origin": [-26.83686, 124.5, -142],
							"size": [59.67371, 2, 70],
							"uv": {
								"north": {"uv": [634, 322], "uv_size": [60, 2]},
								"east": {"uv": [625, 589], "uv_size": [70, 2]},
								"south": {"uv": [634, 324], "uv_size": [60, 2]},
								"west": {"uv": [625, 591], "uv_size": [70, 2]},
								"up": {"uv": [0, 223], "uv_size": [60, 70]},
								"down": {"uv": [302, 70], "uv_size": [-60, -70]}
							}
						},
						{
							"origin": [-26.83686, 124.5, -142],
							"size": [59.67371, 2, 70],
							"pivot": [3, 137, 8],
							"rotation": [0, -22.5, 0],
							"uv": {
								"north": {"uv": [634, 326], "uv_size": [60, 2]},
								"east": {"uv": [625, 593], "uv_size": [70, 2]},
								"south": {"uv": [634, 328], "uv_size": [60, 2]},
								"west": {"uv": [625, 595], "uv_size": [70, 2]},
								"up": {"uv": [244, 244], "uv_size": [60, 70]},
								"down": {"uv": [304, 140], "uv_size": [-60, -70]}
							}
						},
						{
							"origin": [-26.83686, 124.5, -142],
							"size": [59.67371, 2, 70],
							"pivot": [3, 137, 8],
							"rotation": [0, -45, 0],
							"uv": {
								"north": {"uv": [634, 330], "uv_size": [60, 2]},
								"east": {"uv": [625, 597], "uv_size": [70, 2]},
								"south": {"uv": [634, 332], "uv_size": [60, 2]},
								"west": {"uv": [625, 599], "uv_size": [70, 2]},
								"up": {"uv": [244, 140], "uv_size": [60, 70]},
								"down": {"uv": [226, 324], "uv_size": [-60, -70]}
							}
						},
						{
							"origin": [-26.83686, 124.5, 88],
							"size": [59.67371, 2, 70],
							"pivot": [3, 137, 8],
							"rotation": [0, 45, 0],
							"uv": {
								"north": {"uv": [634, 334], "uv_size": [60, 2]},
								"east": {"uv": [625, 601], "uv_size": [70, 2]},
								"south": {"uv": [634, 336], "uv_size": [60, 2]},
								"west": {"uv": [625, 603], "uv_size": [70, 2]},
								"up": {"uv": [60, 282], "uv_size": [60, 70]},
								"down": {"uv": [60, 363], "uv_size": [-60, -70]}
							}
						},
						{
							"origin": [-26.83686, 124.5, 88],
							"size": [59.67371, 2, 70],
							"pivot": [3, 137, 8],
							"rotation": [0, 22.5, 0],
							"uv": {
								"north": {"uv": [634, 338], "uv_size": [60, 2]},
								"east": {"uv": [625, 616], "uv_size": [70, 2]},
								"south": {"uv": [634, 340], "uv_size": [60, 2]},
								"west": {"uv": [625, 618], "uv_size": [70, 2]},
								"up": {"uv": [302, 0], "uv_size": [60, 70]},
								"down": {"uv": [364, 374], "uv_size": [-60, -70]}
							}
						},
						{
							"origin": [-26.83686, 124.5, 88],
							"size": [59.67371, 2, 70],
							"uv": {
								"north": {"uv": [634, 342], "uv_size": [60, 2]},
								"east": {"uv": [625, 620], "uv_size": [70, 2]},
								"south": {"uv": [634, 344], "uv_size": [60, 2]},
								"west": {"uv": [625, 622], "uv_size": [70, 2]},
								"up": {"uv": [304, 70], "uv_size": [60, 70]},
								"down": {"uv": [364, 210], "uv_size": [-60, -70]}
							}
						},
						{
							"origin": [-26.83686, 124.5, 88],
							"size": [59.67371, 2, 70],
							"pivot": [3, 137, 8],
							"rotation": [0, -22.5, 0],
							"uv": {
								"north": {"uv": [634, 346], "uv_size": [60, 2]},
								"east": {"uv": [631, 276], "uv_size": [70, 2]},
								"south": {"uv": [634, 348], "uv_size": [60, 2]},
								"west": {"uv": [631, 278], "uv_size": [70, 2]},
								"up": {"uv": [304, 210], "uv_size": [60, 70]},
								"down": {"uv": [286, 384], "uv_size": [-60, -70]}
							}
						},
						{
							"origin": [-26.83686, 124.5, 88],
							"size": [59.67371, 2, 70],
							"pivot": [3, 137, 8],
							"rotation": [0, -45, 0],
							"uv": {
								"north": {"uv": [634, 498], "uv_size": [60, 2]},
								"east": {"uv": [631, 280], "uv_size": [70, 2]},
								"south": {"uv": [634, 500], "uv_size": [60, 2]},
								"west": {"uv": [631, 282], "uv_size": [70, 2]},
								"up": {"uv": [120, 324], "uv_size": [60, 70]},
								"down": {"uv": [120, 422], "uv_size": [-60, -70]}
							}
						},
						{
							"origin": [83, 124.5, -21.83686],
							"size": [70, 2, 59.67371],
							"pivot": [3, 137, 8],
							"rotation": [0, 22.5, 0],
							"uv": {
								"north": {"uv": [631, 284], "uv_size": [70, 2]},
								"east": {"uv": [634, 502], "uv_size": [60, 2]},
								"south": {"uv": [631, 286], "uv_size": [70, 2]},
								"west": {"uv": [634, 504], "uv_size": [60, 2]},
								"up": {"uv": [362, 0], "uv_size": [70, 60]},
								"down": {"uv": [434, 424], "uv_size": [-70, -60]}
							}
						},
						{
							"origin": [83, 124.5, -21.83686],
							"size": [70, 2, 59.67371],
							"uv": {
								"north": {"uv": [288, 632], "uv_size": [70, 2]},
								"east": {"uv": [634, 506], "uv_size": [60, 2]},
								"south": {"uv": [541, 632], "uv_size": [70, 2]},
								"west": {"uv": [634, 508], "uv_size": [60, 2]},
								"up": {"uv": [364, 60], "uv_size": [70, 60]},
								"down": {"uv": [434, 180], "uv_size": [-70, -60]}
							}
						},
						{
							"origin": [83, 124.5, -21.83686],
							"size": [70, 2, 59.67371],
							"pivot": [3, 137, 8],
							"rotation": [0, -22.5, 0],
							"uv": {
								"north": {"uv": [611, 632], "uv_size": [70, 2]},
								"east": {"uv": [634, 510], "uv_size": [60, 2]},
								"south": {"uv": [378, 633], "uv_size": [70, 2]},
								"west": {"uv": [634, 512], "uv_size": [60, 2]},
								"up": {"uv": [364, 180], "uv_size": [70, 60]},
								"down": {"uv": [434, 300], "uv_size": [-70, -60]}
							}
						},
						{
							"origin": [-147, 124.5, -21.83686],
							"size": [70, 2, 59.67371],
							"pivot": [3, 137, 8],
							"rotation": [0, 22.5, 0],
							"uv": {
								"north": {"uv": [288, 634], "uv_size": [70, 2]},
								"east": {"uv": [634, 514], "uv_size": [60, 2]},
								"south": {"uv": [541, 634], "uv_size": [70, 2]},
								"west": {"uv": [634, 516], "uv_size": [60, 2]},
								"up": {"uv": [364, 300], "uv_size": [70, 60]},
								"down": {"uv": [356, 434], "uv_size": [-70, -60]}
							}
						},
						{
							"origin": [-147, 124.5, -21.83686],
							"size": [70, 2, 59.67371],
							"uv": {
								"north": {"uv": [611, 634], "uv_size": [70, 2]},
								"east": {"uv": [634, 518], "uv_size": [60, 2]},
								"south": {"uv": [634, 308], "uv_size": [70, 2]},
								"west": {"uv": [634, 520], "uv_size": [60, 2]},
								"up": {"uv": [180, 384], "uv_size": [70, 60]},
								"down": {"uv": [70, 482], "uv_size": [-70, -60]}
							}
						},
						{
							"origin": [-147, 124.5, -21.83686],
							"size": [70, 2, 59.67371],
							"pivot": [3, 137, 8],
							"rotation": [0, -22.5, 0],
							"uv": {
								"north": {"uv": [634, 310], "uv_size": [70, 2]},
								"east": {"uv": [634, 522], "uv_size": [60, 2]},
								"south": {"uv": [634, 312], "uv_size": [70, 2]},
								"west": {"uv": [634, 524], "uv_size": [60, 2]},
								"up": {"uv": [70, 422], "uv_size": [70, 60]},
								"down": {"uv": [426, 484], "uv_size": [-70, -60]}
							}
						}
					]
				},
				{
					"name": "head",
					"parent": "bone",
					"pivot": [8, 51, -7],
					"cubes": [
						{
							"origin": [-3.31371, 0.5, -7],
							"size": [6.62742, 109, 16],
							"pivot": [0, 51, 1],
							"rotation": [0, -45, 0],
							"uv": {
								"north": {"uv": [0, 591], "uv_size": [7, 109]},
								"east": {"uv": [140, 394], "uv_size": [16, 109]},
								"south": {"uv": [7, 591], "uv_size": [7, 109]},
								"west": {"uv": [156, 394], "uv_size": [16, 109]},
								"up": {"uv": [53, 363], "uv_size": [7, 16]},
								"down": {"uv": [60, 395], "uv_size": [-7, -16]}
							}
						},
						{
							"origin": [-3.31371, 0.5, -7],
							"size": [6.62742, 109, 16],
							"uv": {
								"north": {"uv": [14, 591], "uv_size": [7, 109]},
								"east": {"uv": [172, 444], "uv_size": [16, 109]},
								"south": {"uv": [21, 591], "uv_size": [7, 109]},
								"west": {"uv": [188, 444], "uv_size": [16, 109]},
								"up": {"uv": [131, 394], "uv_size": [7, 16]},
								"down": {"uv": [60, 411], "uv_size": [-7, -16]}
							}
						},
						{
							"origin": [-8, 0.5, -2.31371],
							"size": [16, 109, 6.62742],
							"pivot": [0, 51, 1],
							"rotation": [0, -45, 0],
							"uv": {
								"north": {"uv": [204, 444], "uv_size": [16, 109]},
								"east": {"uv": [192, 595], "uv_size": [7, 109]},
								"south": {"uv": [220, 444], "uv_size": [16, 109]},
								"west": {"uv": [199, 595], "uv_size": [7, 109]},
								"up": {"uv": [344, 293], "uv_size": [16, 7]},
								"down": {"uv": [505, 281], "uv_size": [-16, -7]}
							}
						},
						{
							"origin": [-8, 0.5, -2.31371],
							"size": [16, 109, 6.62742],
							"uv": {
								"north": {"uv": [0, 482], "uv_size": [16, 109]},
								"east": {"uv": [28, 604], "uv_size": [7, 109]},
								"south": {"uv": [16, 482], "uv_size": [16, 109]},
								"west": {"uv": [35, 604], "uv_size": [7, 109]},
								"up": {"uv": [525, 112], "uv_size": [16, 7]},
								"down": {"uv": [557, 119], "uv_size": [-16, -7]}
							}
						}
					]
				},
				{
					"name": "head2",
					"parent": "bone",
					"pivot": [8, -58, -7],
					"cubes": [
						{
							"origin": [-3.31371, -108.5, -7],
							"size": [6.62742, 109, 16],
							"pivot": [0, -58, 1],
							"rotation": [0, -45, 0],
							"uv": {
								"north": {"uv": [0, 591], "uv_size": [7, 109]},
								"east": {"uv": [140, 394], "uv_size": [16, 109]},
								"south": {"uv": [7, 591], "uv_size": [7, 109]},
								"west": {"uv": [156, 394], "uv_size": [16, 109]},
								"up": {"uv": [53, 363], "uv_size": [7, 16]},
								"down": {"uv": [60, 395], "uv_size": [-7, -16]}
							}
						},
						{
							"origin": [-3.31371, -108.5, -7],
							"size": [6.62742, 109, 16],
							"uv": {
								"north": {"uv": [14, 591], "uv_size": [7, 109]},
								"east": {"uv": [172, 444], "uv_size": [16, 109]},
								"south": {"uv": [21, 591], "uv_size": [7, 109]},
								"west": {"uv": [188, 444], "uv_size": [16, 109]},
								"up": {"uv": [131, 394], "uv_size": [7, 16]},
								"down": {"uv": [60, 411], "uv_size": [-7, -16]}
							}
						},
						{
							"origin": [-8, -108.5, -2.31371],
							"size": [16, 109, 6.62742],
							"pivot": [0, -58, 1],
							"rotation": [0, -45, 0],
							"uv": {
								"north": {"uv": [204, 444], "uv_size": [16, 109]},
								"east": {"uv": [192, 595], "uv_size": [7, 109]},
								"south": {"uv": [220, 444], "uv_size": [16, 109]},
								"west": {"uv": [199, 595], "uv_size": [7, 109]},
								"up": {"uv": [344, 293], "uv_size": [16, 7]},
								"down": {"uv": [505, 281], "uv_size": [-16, -7]}
							}
						},
						{
							"origin": [-8, -108.5, -2.31371],
							"size": [16, 109, 6.62742],
							"uv": {
								"north": {"uv": [0, 482], "uv_size": [16, 109]},
								"east": {"uv": [28, 604], "uv_size": [7, 109]},
								"south": {"uv": [16, 482], "uv_size": [16, 109]},
								"west": {"uv": [35, 604], "uv_size": [7, 109]},
								"up": {"uv": [525, 112], "uv_size": [16, 7]},
								"down": {"uv": [557, 119], "uv_size": [-16, -7]}
							}
						}
					]
				},
				{
					"name": "head3",
					"parent": "bone",
					"pivot": [8, -167, -7],
					"cubes": [
						{
							"origin": [-3.31371, -217.5, -7],
							"size": [6.62742, 109, 16],
							"pivot": [0, -167, 1],
							"rotation": [0, -45, 0],
							"uv": {
								"north": {"uv": [0, 591], "uv_size": [7, 109]},
								"east": {"uv": [140, 394], "uv_size": [16, 109]},
								"south": {"uv": [7, 591], "uv_size": [7, 109]},
								"west": {"uv": [156, 394], "uv_size": [16, 109]},
								"up": {"uv": [53, 363], "uv_size": [7, 16]},
								"down": {"uv": [60, 395], "uv_size": [-7, -16]}
							}
						},
						{
							"origin": [-3.31371, -217.5, -7],
							"size": [6.62742, 109, 16],
							"uv": {
								"north": {"uv": [14, 591], "uv_size": [7, 109]},
								"east": {"uv": [172, 444], "uv_size": [16, 109]},
								"south": {"uv": [21, 591], "uv_size": [7, 109]},
								"west": {"uv": [188, 444], "uv_size": [16, 109]},
								"up": {"uv": [131, 394], "uv_size": [7, 16]},
								"down": {"uv": [60, 411], "uv_size": [-7, -16]}
							}
						},
						{
							"origin": [-8, -217.5, -2.31371],
							"size": [16, 109, 6.62742],
							"pivot": [0, -167, 1],
							"rotation": [0, -45, 0],
							"uv": {
								"north": {"uv": [204, 444], "uv_size": [16, 109]},
								"east": {"uv": [192, 595], "uv_size": [7, 109]},
								"south": {"uv": [220, 444], "uv_size": [16, 109]},
								"west": {"uv": [199, 595], "uv_size": [7, 109]},
								"up": {"uv": [344, 293], "uv_size": [16, 7]},
								"down": {"uv": [505, 281], "uv_size": [-16, -7]}
							}
						},
						{
							"origin": [-8, -217.5, -2.31371],
							"size": [16, 109, 6.62742],
							"uv": {
								"north": {"uv": [0, 482], "uv_size": [16, 109]},
								"east": {"uv": [28, 604], "uv_size": [7, 109]},
								"south": {"uv": [16, 482], "uv_size": [16, 109]},
								"west": {"uv": [35, 604], "uv_size": [7, 109]},
								"up": {"uv": [525, 112], "uv_size": [16, 7]},
								"down": {"uv": [557, 119], "uv_size": [-16, -7]}
							}
						}
					]
				},
				{
					"name": "ball",
					"pivot": [0, 23, 0]
				},
				{
					"name": "head5",
					"parent": "ball",
					"pivot": [0.25, 24.5, 1],
					"rotation": [0, 0, -30],
					"cubes": [
						{
							"origin": [-3.06371, 22, -7],
							"size": [6.62742, 5, 16],
							"pivot": [0.25, 50.5, 1],
							"rotation": [0, -45, 0],
							"uv": {
								"north": {"uv": [0, 591], "uv_size": [7, 109]},
								"east": {"uv": [140, 394], "uv_size": [16, 109]},
								"south": {"uv": [7, 591], "uv_size": [7, 109]},
								"west": {"uv": [156, 394], "uv_size": [16, 109]},
								"up": {"uv": [53, 363], "uv_size": [7, 16]},
								"down": {"uv": [60, 395], "uv_size": [-7, -16]}
							}
						},
						{
							"origin": [-3.06371, 22, -7],
							"size": [6.62742, 5, 16],
							"uv": {
								"north": {"uv": [14, 591], "uv_size": [7, 109]},
								"east": {"uv": [172, 444], "uv_size": [16, 109]},
								"south": {"uv": [21, 591], "uv_size": [7, 109]},
								"west": {"uv": [188, 444], "uv_size": [16, 109]},
								"up": {"uv": [131, 394], "uv_size": [7, 16]},
								"down": {"uv": [60, 411], "uv_size": [-7, -16]}
							}
						},
						{
							"origin": [-7.75, 22, -2.31371],
							"size": [16, 5, 6.62742],
							"pivot": [0.25, 50.5, 1],
							"rotation": [0, -45, 0],
							"uv": {
								"north": {"uv": [204, 444], "uv_size": [16, 109]},
								"east": {"uv": [192, 595], "uv_size": [7, 109]},
								"south": {"uv": [220, 444], "uv_size": [16, 109]},
								"west": {"uv": [199, 595], "uv_size": [7, 109]},
								"up": {"uv": [344, 293], "uv_size": [16, 7]},
								"down": {"uv": [505, 281], "uv_size": [-16, -7]}
							}
						},
						{
							"origin": [-7.75, 22, -2.31371],
							"size": [16, 5, 6.62742],
							"uv": {
								"north": {"uv": [0, 482], "uv_size": [16, 109]},
								"east": {"uv": [28, 604], "uv_size": [7, 109]},
								"south": {"uv": [16, 482], "uv_size": [16, 109]},
								"west": {"uv": [35, 604], "uv_size": [7, 109]},
								"up": {"uv": [525, 112], "uv_size": [16, 7]},
								"down": {"uv": [557, 119], "uv_size": [-16, -7]}
							}
						}
					]
				},
				{
					"name": "head6",
					"parent": "ball",
					"pivot": [0.25, 24.5, 1],
					"rotation": [0, 0, -60],
					"cubes": [
						{
							"origin": [-3.06371, 22, -7],
							"size": [6.62742, 5, 16],
							"pivot": [0.25, 50.5, 1],
							"rotation": [0, -45, 0],
							"uv": {
								"north": {"uv": [0, 591], "uv_size": [7, 109]},
								"east": {"uv": [140, 394], "uv_size": [16, 109]},
								"south": {"uv": [7, 591], "uv_size": [7, 109]},
								"west": {"uv": [156, 394], "uv_size": [16, 109]},
								"up": {"uv": [53, 363], "uv_size": [7, 16]},
								"down": {"uv": [60, 395], "uv_size": [-7, -16]}
							}
						},
						{
							"origin": [-3.06371, 22, -7],
							"size": [6.62742, 5, 16],
							"uv": {
								"north": {"uv": [14, 591], "uv_size": [7, 109]},
								"east": {"uv": [172, 444], "uv_size": [16, 109]},
								"south": {"uv": [21, 591], "uv_size": [7, 109]},
								"west": {"uv": [188, 444], "uv_size": [16, 109]},
								"up": {"uv": [131, 394], "uv_size": [7, 16]},
								"down": {"uv": [60, 411], "uv_size": [-7, -16]}
							}
						},
						{
							"origin": [-7.75, 22, -2.31371],
							"size": [16, 5, 6.62742],
							"pivot": [0.25, 50.5, 1],
							"rotation": [0, -45, 0],
							"uv": {
								"north": {"uv": [204, 444], "uv_size": [16, 109]},
								"east": {"uv": [192, 595], "uv_size": [7, 109]},
								"south": {"uv": [220, 444], "uv_size": [16, 109]},
								"west": {"uv": [199, 595], "uv_size": [7, 109]},
								"up": {"uv": [344, 293], "uv_size": [16, 7]},
								"down": {"uv": [505, 281], "uv_size": [-16, -7]}
							}
						},
						{
							"origin": [-7.75, 22, -2.31371],
							"size": [16, 5, 6.62742],
							"uv": {
								"north": {"uv": [0, 482], "uv_size": [16, 109]},
								"east": {"uv": [28, 604], "uv_size": [7, 109]},
								"south": {"uv": [16, 482], "uv_size": [16, 109]},
								"west": {"uv": [35, 604], "uv_size": [7, 109]},
								"up": {"uv": [525, 112], "uv_size": [16, 7]},
								"down": {"uv": [557, 119], "uv_size": [-16, -7]}
							}
						}
					]
				},
				{
					"name": "head7",
					"parent": "ball",
					"pivot": [0.25, 24.5, 1],
					"rotation": [0, 0, -95],
					"cubes": [
						{
							"origin": [-3.06371, 22, -7],
							"size": [6.62742, 5, 16],
							"pivot": [0.25, 50.5, 1],
							"rotation": [0, -45, 0],
							"uv": {
								"north": {"uv": [0, 591], "uv_size": [7, 109]},
								"east": {"uv": [140, 394], "uv_size": [16, 109]},
								"south": {"uv": [7, 591], "uv_size": [7, 109]},
								"west": {"uv": [156, 394], "uv_size": [16, 109]},
								"up": {"uv": [53, 363], "uv_size": [7, 16]},
								"down": {"uv": [60, 395], "uv_size": [-7, -16]}
							}
						},
						{
							"origin": [-3.06371, 22, -7],
							"size": [6.62742, 5, 16],
							"uv": {
								"north": {"uv": [14, 591], "uv_size": [7, 109]},
								"east": {"uv": [172, 444], "uv_size": [16, 109]},
								"south": {"uv": [21, 591], "uv_size": [7, 109]},
								"west": {"uv": [188, 444], "uv_size": [16, 109]},
								"up": {"uv": [131, 394], "uv_size": [7, 16]},
								"down": {"uv": [60, 411], "uv_size": [-7, -16]}
							}
						},
						{
							"origin": [-7.75, 22, -2.31371],
							"size": [16, 5, 6.62742],
							"pivot": [0.25, 50.5, 1],
							"rotation": [0, -45, 0],
							"uv": {
								"north": {"uv": [204, 444], "uv_size": [16, 109]},
								"east": {"uv": [192, 595], "uv_size": [7, 109]},
								"south": {"uv": [220, 444], "uv_size": [16, 109]},
								"west": {"uv": [199, 595], "uv_size": [7, 109]},
								"up": {"uv": [344, 293], "uv_size": [16, 7]},
								"down": {"uv": [505, 281], "uv_size": [-16, -7]}
							}
						},
						{
							"origin": [-7.75, 22, -2.31371],
							"size": [16, 5, 6.62742],
							"uv": {
								"north": {"uv": [0, 482], "uv_size": [16, 109]},
								"east": {"uv": [28, 604], "uv_size": [7, 109]},
								"south": {"uv": [16, 482], "uv_size": [16, 109]},
								"west": {"uv": [35, 604], "uv_size": [7, 109]},
								"up": {"uv": [525, 112], "uv_size": [16, 7]},
								"down": {"uv": [557, 119], "uv_size": [-16, -7]}
							}
						}
					]
				},
				{
					"name": "head8",
					"parent": "ball",
					"pivot": [0.25, 24.5, 1],
					"rotation": [0, 0, -130],
					"cubes": [
						{
							"origin": [-3.06371, 22, -7],
							"size": [6.62742, 5, 16],
							"pivot": [0.25, 50.5, 1],
							"rotation": [0, -45, 0],
							"uv": {
								"north": {"uv": [0, 591], "uv_size": [7, 109]},
								"east": {"uv": [140, 394], "uv_size": [16, 109]},
								"south": {"uv": [7, 591], "uv_size": [7, 109]},
								"west": {"uv": [156, 394], "uv_size": [16, 109]},
								"up": {"uv": [53, 363], "uv_size": [7, 16]},
								"down": {"uv": [60, 395], "uv_size": [-7, -16]}
							}
						},
						{
							"origin": [-3.06371, 22, -7],
							"size": [6.62742, 5, 16],
							"uv": {
								"north": {"uv": [14, 591], "uv_size": [7, 109]},
								"east": {"uv": [172, 444], "uv_size": [16, 109]},
								"south": {"uv": [21, 591], "uv_size": [7, 109]},
								"west": {"uv": [188, 444], "uv_size": [16, 109]},
								"up": {"uv": [131, 394], "uv_size": [7, 16]},
								"down": {"uv": [60, 411], "uv_size": [-7, -16]}
							}
						},
						{
							"origin": [-7.75, 22, -2.31371],
							"size": [16, 5, 6.62742],
							"pivot": [0.25, 50.5, 1],
							"rotation": [0, -45, 0],
							"uv": {
								"north": {"uv": [204, 444], "uv_size": [16, 109]},
								"east": {"uv": [192, 595], "uv_size": [7, 109]},
								"south": {"uv": [220, 444], "uv_size": [16, 109]},
								"west": {"uv": [199, 595], "uv_size": [7, 109]},
								"up": {"uv": [344, 293], "uv_size": [16, 7]},
								"down": {"uv": [505, 281], "uv_size": [-16, -7]}
							}
						},
						{
							"origin": [-7.75, 22, -2.31371],
							"size": [16, 5, 6.62742],
							"uv": {
								"north": {"uv": [0, 482], "uv_size": [16, 109]},
								"east": {"uv": [28, 604], "uv_size": [7, 109]},
								"south": {"uv": [16, 482], "uv_size": [16, 109]},
								"west": {"uv": [35, 604], "uv_size": [7, 109]},
								"up": {"uv": [525, 112], "uv_size": [16, 7]},
								"down": {"uv": [557, 119], "uv_size": [-16, -7]}
							}
						}
					]
				},
				{
					"name": "head9",
					"parent": "ball",
					"pivot": [0.25, 24.5, 1],
					"rotation": [0, 0, -160],
					"cubes": [
						{
							"origin": [-3.06371, 22, -7],
							"size": [6.62742, 5, 16],
							"pivot": [0.25, 50.5, 1],
							"rotation": [0, -45, 0],
							"uv": {
								"north": {"uv": [0, 591], "uv_size": [7, 109]},
								"east": {"uv": [140, 394], "uv_size": [16, 109]},
								"south": {"uv": [7, 591], "uv_size": [7, 109]},
								"west": {"uv": [156, 394], "uv_size": [16, 109]},
								"up": {"uv": [53, 363], "uv_size": [7, 16]},
								"down": {"uv": [60, 395], "uv_size": [-7, -16]}
							}
						},
						{
							"origin": [-3.06371, 22, -7],
							"size": [6.62742, 5, 16],
							"uv": {
								"north": {"uv": [14, 591], "uv_size": [7, 109]},
								"east": {"uv": [172, 444], "uv_size": [16, 109]},
								"south": {"uv": [21, 591], "uv_size": [7, 109]},
								"west": {"uv": [188, 444], "uv_size": [16, 109]},
								"up": {"uv": [131, 394], "uv_size": [7, 16]},
								"down": {"uv": [60, 411], "uv_size": [-7, -16]}
							}
						},
						{
							"origin": [-7.75, 22, -2.31371],
							"size": [16, 5, 6.62742],
							"pivot": [0.25, 50.5, 1],
							"rotation": [0, -45, 0],
							"uv": {
								"north": {"uv": [204, 444], "uv_size": [16, 109]},
								"east": {"uv": [192, 595], "uv_size": [7, 109]},
								"south": {"uv": [220, 444], "uv_size": [16, 109]},
								"west": {"uv": [199, 595], "uv_size": [7, 109]},
								"up": {"uv": [344, 293], "uv_size": [16, 7]},
								"down": {"uv": [505, 281], "uv_size": [-16, -7]}
							}
						},
						{
							"origin": [-7.75, 22, -2.31371],
							"size": [16, 5, 6.62742],
							"uv": {
								"north": {"uv": [0, 482], "uv_size": [16, 109]},
								"east": {"uv": [28, 604], "uv_size": [7, 109]},
								"south": {"uv": [16, 482], "uv_size": [16, 109]},
								"west": {"uv": [35, 604], "uv_size": [7, 109]},
								"up": {"uv": [525, 112], "uv_size": [16, 7]},
								"down": {"uv": [557, 119], "uv_size": [-16, -7]}
							}
						}
					]
				},
				{
					"name": "head4",
					"parent": "ball",
					"pivot": [8, 51, -7],
					"cubes": [
						{
							"origin": [-3.31371, 22.5, -7],
							"size": [6.62742, 5, 16],
							"pivot": [0, 51, 1],
							"rotation": [0, -45, 0],
							"uv": {
								"north": {"uv": [0, 591], "uv_size": [7, 109]},
								"east": {"uv": [140, 394], "uv_size": [16, 109]},
								"south": {"uv": [7, 591], "uv_size": [7, 109]},
								"west": {"uv": [156, 394], "uv_size": [16, 109]},
								"up": {"uv": [53, 363], "uv_size": [7, 16]},
								"down": {"uv": [60, 395], "uv_size": [-7, -16]}
							}
						},
						{
							"origin": [-3.31371, 22.5, -7],
							"size": [6.62742, 5, 16],
							"uv": {
								"north": {"uv": [14, 591], "uv_size": [7, 109]},
								"east": {"uv": [172, 444], "uv_size": [16, 109]},
								"south": {"uv": [21, 591], "uv_size": [7, 109]},
								"west": {"uv": [188, 444], "uv_size": [16, 109]},
								"up": {"uv": [131, 394], "uv_size": [7, 16]},
								"down": {"uv": [60, 411], "uv_size": [-7, -16]}
							}
						},
						{
							"origin": [-8, 22.5, -2.31371],
							"size": [16, 5, 6.62742],
							"pivot": [0, 51, 1],
							"rotation": [0, -45, 0],
							"uv": {
								"north": {"uv": [204, 444], "uv_size": [16, 109]},
								"east": {"uv": [192, 595], "uv_size": [7, 109]},
								"south": {"uv": [220, 444], "uv_size": [16, 109]},
								"west": {"uv": [199, 595], "uv_size": [7, 109]},
								"up": {"uv": [344, 293], "uv_size": [16, 7]},
								"down": {"uv": [505, 281], "uv_size": [-16, -7]}
							}
						},
						{
							"origin": [-8, 22.5, -2.31371],
							"size": [16, 5, 6.62742],
							"uv": {
								"north": {"uv": [0, 482], "uv_size": [16, 109]},
								"east": {"uv": [28, 604], "uv_size": [7, 109]},
								"south": {"uv": [16, 482], "uv_size": [16, 109]},
								"west": {"uv": [35, 604], "uv_size": [7, 109]},
								"up": {"uv": [525, 112], "uv_size": [16, 7]},
								"down": {"uv": [557, 119], "uv_size": [-16, -7]}
							}
						}
					]
				},
				{
					"name": "explosion",
					"pivot": [0, 1.5, 1],
					"cubes": [
						{
							"origin": [-5.96737, 0.5, -29],
							"size": [11.93474, 2, 10],
							"pivot": [0, 2, 1],
							"rotation": [0, 45, 0],
							"uv": {
								"north": {"uv": [166, 252], "uv_size": [12, 2]},
								"east": {"uv": [234, 181], "uv_size": [10, 2]},
								"south": {"uv": [411, 360], "uv_size": [12, 2]},
								"west": {"uv": [29, 418], "uv_size": [10, 2]},
								"up": {"uv": [112, 482], "uv_size": [12, 10]},
								"down": {"uv": [136, 492], "uv_size": [-12, -10]}
							}
						},
						{
							"origin": [-5.96737, 0.5, -29],
							"size": [11.93474, 2, 10],
							"pivot": [0, 2, 1],
							"rotation": [0, 22.5, 0],
							"uv": {
								"north": {"uv": [411, 362], "uv_size": [12, 2]},
								"east": {"uv": [29, 420], "uv_size": [10, 2]},
								"south": {"uv": [120, 419], "uv_size": [12, 2]},
								"west": {"uv": [423, 360], "uv_size": [10, 2]},
								"up": {"uv": [484, 334], "uv_size": [12, 10]},
								"down": {"uv": [497, 130], "uv_size": [-12, -10]}
							}
						},
						{
							"origin": [-5.96737, 0.5, -29],
							"size": [11.93474, 2, 10],
							"uv": {
								"north": {"uv": [484, 344], "uv_size": [12, 2]},
								"east": {"uv": [423, 362], "uv_size": [10, 2]},
								"south": {"uv": [484, 346], "uv_size": [12, 2]},
								"west": {"uv": [598, 234], "uv_size": [10, 2]},
								"up": {"uv": [485, 130], "uv_size": [12, 10]},
								"down": {"uv": [501, 274], "uv_size": [-12, -10]}
							}
						},
						{
							"origin": [-5.96737, 0.5, -29],
							"size": [11.93474, 2, 10],
							"pivot": [0, 2, 1],
							"rotation": [0, -22.5, 0],
							"uv": {
								"north": {"uv": [496, 344], "uv_size": [12, 2]},
								"east": {"uv": [598, 236], "uv_size": [10, 2]},
								"south": {"uv": [496, 346], "uv_size": [12, 2]},
								"west": {"uv": [598, 238], "uv_size": [10, 2]},
								"up": {"uv": [112, 492], "uv_size": [12, 10]},
								"down": {"uv": [136, 502], "uv_size": [-12, -10]}
							}
						},
						{
							"origin": [-5.96737, 0.5, -29],
							"size": [11.93474, 2, 10],
							"pivot": [0, 2, 1],
							"rotation": [0, -45, 0],
							"uv": {
								"north": {"uv": [316, 521], "uv_size": [12, 2]},
								"east": {"uv": [637, 39], "uv_size": [10, 2]},
								"south": {"uv": [328, 521], "uv_size": [12, 2]},
								"west": {"uv": [637, 41], "uv_size": [10, 2]},
								"up": {"uv": [496, 334], "uv_size": [12, 10]},
								"down": {"uv": [509, 130], "uv_size": [-12, -10]}
							}
						},
						{
							"origin": [-5.96737, 0.5, 21],
							"size": [11.93474, 2, 10],
							"pivot": [0, 2, 1],
							"rotation": [0, 45, 0],
							"uv": {
								"north": {"uv": [340, 521], "uv_size": [12, 2]},
								"east": {"uv": [637, 43], "uv_size": [10, 2]},
								"south": {"uv": [523, 521], "uv_size": [12, 2]},
								"west": {"uv": [637, 45], "uv_size": [10, 2]},
								"up": {"uv": [497, 130], "uv_size": [12, 10]},
								"down": {"uv": [513, 274], "uv_size": [-12, -10]}
							}
						},
						{
							"origin": [-5.96737, 0.5, 21],
							"size": [11.93474, 2, 10],
							"pivot": [0, 2, 1],
							"rotation": [0, 22.5, 0],
							"uv": {
								"north": {"uv": [524, 319], "uv_size": [12, 2]},
								"east": {"uv": [637, 47], "uv_size": [10, 2]},
								"south": {"uv": [535, 521], "uv_size": [12, 2]},
								"west": {"uv": [637, 49], "uv_size": [10, 2]},
								"up": {"uv": [509, 120], "uv_size": [12, 10]},
								"down": {"uv": [521, 140], "uv_size": [-12, -10]}
							}
						},
						{
							"origin": [-5.96737, 0.5, 21],
							"size": [11.93474, 2, 10],
							"uv": {
								"north": {"uv": [288, 571], "uv_size": [12, 2]},
								"east": {"uv": [637, 51], "uv_size": [10, 2]},
								"south": {"uv": [300, 571], "uv_size": [12, 2]},
								"west": {"uv": [637, 53], "uv_size": [10, 2]},
								"up": {"uv": [316, 510], "uv_size": [12, 10]},
								"down": {"uv": [340, 520], "uv_size": [-12, -10]}
							}
						},
						{
							"origin": [-5.96737, 0.5, 21],
							"size": [11.93474, 2, 10],
							"pivot": [0, 2, 1],
							"rotation": [0, -22.5, 0],
							"uv": {
								"north": {"uv": [571, 289], "uv_size": [12, 2]},
								"east": {"uv": [637, 55], "uv_size": [10, 2]},
								"south": {"uv": [571, 291], "uv_size": [12, 2]},
								"west": {"uv": [637, 57], "uv_size": [10, 2]},
								"up": {"uv": [340, 510], "uv_size": [12, 10]},
								"down": {"uv": [535, 521], "uv_size": [-12, -10]}
							}
						},
						{
							"origin": [-5.96737, 0.5, 21],
							"size": [11.93474, 2, 10],
							"pivot": [0, 2, 1],
							"rotation": [0, -45, 0],
							"uv": {
								"north": {"uv": [356, 572], "uv_size": [12, 2]},
								"east": {"uv": [637, 59], "uv_size": [10, 2]},
								"south": {"uv": [583, 289], "uv_size": [12, 2]},
								"west": {"uv": [637, 61], "uv_size": [10, 2]},
								"up": {"uv": [524, 309], "uv_size": [12, 10]},
								"down": {"uv": [547, 521], "uv_size": [-12, -10]}
							}
						},
						{
							"origin": [20, 0.5, -4.96737],
							"size": [10, 2, 11.93474],
							"pivot": [0, 2, 1],
							"rotation": [0, 22.5, 0],
							"uv": {
								"north": {"uv": [300, 638], "uv_size": [10, 2]},
								"east": {"uv": [583, 291], "uv_size": [12, 2]},
								"south": {"uv": [310, 638], "uv_size": [10, 2]},
								"west": {"uv": [603, 475], "uv_size": [12, 2]},
								"up": {"uv": [120, 50], "uv_size": [10, 12]},
								"down": {"uv": [64, 139], "uv_size": [-10, -12]}
							}
						},
						{
							"origin": [20, 0.5, -4.96737],
							"size": [10, 2, 11.93474],
							"uv": {
								"north": {"uv": [320, 638], "uv_size": [10, 2]},
								"east": {"uv": [637, 19], "uv_size": [12, 2]},
								"south": {"uv": [330, 638], "uv_size": [10, 2]},
								"west": {"uv": [637, 21], "uv_size": [12, 2]},
								"up": {"uv": [513, 264], "uv_size": [10, 12]},
								"down": {"uv": [546, 321], "uv_size": [-10, -12]}
							}
						},
						{
							"origin": [20, 0.5, -4.96737],
							"size": [10, 2, 11.93474],
							"pivot": [0, 2, 1],
							"rotation": [0, -22.5, 0],
							"uv": {
								"north": {"uv": [340, 638], "uv_size": [10, 2]},
								"east": {"uv": [637, 23], "uv_size": [12, 2]},
								"south": {"uv": [541, 638], "uv_size": [10, 2]},
								"west": {"uv": [637, 25], "uv_size": [12, 2]},
								"up": {"uv": [208, 553], "uv_size": [10, 12]},
								"down": {"uv": [228, 565], "uv_size": [-10, -12]}
							}
						},
						{
							"origin": [-30, 0.5, -4.96737],
							"size": [10, 2, 11.93474],
							"pivot": [0, 2, 1],
							"rotation": [0, 22.5, 0],
							"uv": {
								"north": {"uv": [551, 638], "uv_size": [10, 2]},
								"east": {"uv": [637, 27], "uv_size": [12, 2]},
								"south": {"uv": [561, 638], "uv_size": [10, 2]},
								"west": {"uv": [637, 29], "uv_size": [12, 2]},
								"up": {"uv": [356, 553], "uv_size": [10, 12]},
								"down": {"uv": [586, 510], "uv_size": [-10, -12]}
							}
						},
						{
							"origin": [-30, 0.5, -4.96737],
							"size": [10, 2, 11.93474],
							"uv": {
								"north": {"uv": [571, 638], "uv_size": [10, 2]},
								"east": {"uv": [637, 31], "uv_size": [12, 2]},
								"south": {"uv": [581, 638], "uv_size": [10, 2]},
								"west": {"uv": [637, 33], "uv_size": [12, 2]},
								"up": {"uv": [152, 583], "uv_size": [10, 12]},
								"down": {"uv": [216, 640], "uv_size": [-10, -12]}
							}
						},
						{
							"origin": [-30, 0.5, -4.96737],
							"size": [10, 2, 11.93474],
							"pivot": [0, 2, 1],
							"rotation": [0, -22.5, 0],
							"uv": {
								"north": {"uv": [591, 638], "uv_size": [10, 2]},
								"east": {"uv": [637, 35], "uv_size": [12, 2]},
								"south": {"uv": [601, 638], "uv_size": [10, 2]},
								"west": {"uv": [637, 37], "uv_size": [12, 2]},
								"up": {"uv": [216, 628], "uv_size": [10, 12]},
								"down": {"uv": [236, 640], "uv_size": [-10, -12]}
							}
						}
					]
				}
			]
		}
	]
}