{
	"format_version": "1.12.0",
	"minecraft:geometry": [
		{
			"description": {
				"identifier": "geometry.mushroom_clouda",
				"texture_width": 716,
				"texture_height": 716,
				"visible_bounds_width": 100,
				"visible_bounds_height": 100,
				"visible_bounds_offset": [0, 0, 0]
			},
			"bones": [
				{
					"name": "bone",
					"pivot": [0, 24, 0]
				},
				{
					"name": "head",
					"parent": "bone",
					"pivot": [8, 51, -7],
					"cubes": [
						{
							"origin": [-3.31371, 0.5, -7],
							"size": [6.62742, 109, 16],
							"inflate": 0.1,
							"pivot": [0, 51, 1],
							"rotation": [0, -45, 0],
							"uv": {
								"north": {"uv": [0, 591], "uv_size": [7, 109]},
								"east": {"uv": [140, 394], "uv_size": [16, 109]},
								"south": {"uv": [7, 591], "uv_size": [7, 109]},
								"west": {"uv": [156, 394], "uv_size": [16, 109]},
								"up": {"uv": [53, 363], "uv_size": [7, 16]},
								"down": {"uv": [60, 395], "uv_size": [-7, -16]}
							}
						},
						{
							"origin": [-3.31371, 0.5, -7],
							"size": [6.62742, 109, 16],
							"inflate": 0.1,
							"uv": {
								"north": {"uv": [14, 591], "uv_size": [7, 109]},
								"east": {"uv": [172, 444], "uv_size": [16, 109]},
								"south": {"uv": [21, 591], "uv_size": [7, 109]},
								"west": {"uv": [188, 444], "uv_size": [16, 109]},
								"up": {"uv": [131, 394], "uv_size": [7, 16]},
								"down": {"uv": [60, 411], "uv_size": [-7, -16]}
							}
						},
						{
							"origin": [-8, 0.5, -2.31371],
							"size": [16, 109, 6.62742],
							"inflate": 0.1,
							"pivot": [0, 51, 1],
							"rotation": [0, -45, 0],
							"uv": {
								"north": {"uv": [204, 444], "uv_size": [16, 109]},
								"east": {"uv": [192, 595], "uv_size": [7, 109]},
								"south": {"uv": [220, 444], "uv_size": [16, 109]},
								"west": {"uv": [199, 595], "uv_size": [7, 109]},
								"up": {"uv": [344, 293], "uv_size": [16, 7]},
								"down": {"uv": [505, 281], "uv_size": [-16, -7]}
							}
						},
						{
							"origin": [-8, 0.5, -2.31371],
							"size": [16, 109, 6.62742],
							"inflate": 0.1,
							"uv": {
								"north": {"uv": [0, 482], "uv_size": [16, 109]},
								"east": {"uv": [28, 604], "uv_size": [7, 109]},
								"south": {"uv": [16, 482], "uv_size": [16, 109]},
								"west": {"uv": [35, 604], "uv_size": [7, 109]},
								"up": {"uv": [525, 112], "uv_size": [16, 7]},
								"down": {"uv": [557, 119], "uv_size": [-16, -7]}
							}
						}
					]
				},
				{
					"name": "head2",
					"parent": "bone",
					"pivot": [8, -58, -7],
					"cubes": [
						{
							"origin": [-3.31371, -108.5, -7],
							"size": [6.62742, 109, 16],
							"inflate": 0.1,
							"pivot": [0, -58, 1],
							"rotation": [0, -45, 0],
							"uv": {
								"north": {"uv": [0, 591], "uv_size": [7, 109]},
								"east": {"uv": [140, 394], "uv_size": [16, 109]},
								"south": {"uv": [7, 591], "uv_size": [7, 109]},
								"west": {"uv": [156, 394], "uv_size": [16, 109]},
								"up": {"uv": [53, 363], "uv_size": [7, 16]},
								"down": {"uv": [60, 395], "uv_size": [-7, -16]}
							}
						},
						{
							"origin": [-3.31371, -108.5, -7],
							"size": [6.62742, 109, 16],
							"inflate": 0.1,
							"uv": {
								"north": {"uv": [14, 591], "uv_size": [7, 109]},
								"east": {"uv": [172, 444], "uv_size": [16, 109]},
								"south": {"uv": [21, 591], "uv_size": [7, 109]},
								"west": {"uv": [188, 444], "uv_size": [16, 109]},
								"up": {"uv": [131, 394], "uv_size": [7, 16]},
								"down": {"uv": [60, 411], "uv_size": [-7, -16]}
							}
						},
						{
							"origin": [-8, -108.5, -2.31371],
							"size": [16, 109, 6.62742],
							"inflate": 0.1,
							"pivot": [0, -58, 1],
							"rotation": [0, -45, 0],
							"uv": {
								"north": {"uv": [204, 444], "uv_size": [16, 109]},
								"east": {"uv": [192, 595], "uv_size": [7, 109]},
								"south": {"uv": [220, 444], "uv_size": [16, 109]},
								"west": {"uv": [199, 595], "uv_size": [7, 109]},
								"up": {"uv": [344, 293], "uv_size": [16, 7]},
								"down": {"uv": [505, 281], "uv_size": [-16, -7]}
							}
						},
						{
							"origin": [-8, -108.5, -2.31371],
							"size": [16, 109, 6.62742],
							"inflate": 0.1,
							"uv": {
								"north": {"uv": [0, 482], "uv_size": [16, 109]},
								"east": {"uv": [28, 604], "uv_size": [7, 109]},
								"south": {"uv": [16, 482], "uv_size": [16, 109]},
								"west": {"uv": [35, 604], "uv_size": [7, 109]},
								"up": {"uv": [525, 112], "uv_size": [16, 7]},
								"down": {"uv": [557, 119], "uv_size": [-16, -7]}
							}
						}
					]
				},
				{
					"name": "head3",
					"parent": "bone",
					"pivot": [8, -167, -7],
					"cubes": [
						{
							"origin": [-3.31371, -217.5, -7],
							"size": [6.62742, 109, 16],
							"inflate": 0.1,
							"pivot": [0, -167, 1],
							"rotation": [0, -45, 0],
							"uv": {
								"north": {"uv": [0, 591], "uv_size": [7, 109]},
								"east": {"uv": [140, 394], "uv_size": [16, 109]},
								"south": {"uv": [7, 591], "uv_size": [7, 109]},
								"west": {"uv": [156, 394], "uv_size": [16, 109]},
								"up": {"uv": [53, 363], "uv_size": [7, 16]},
								"down": {"uv": [60, 395], "uv_size": [-7, -16]}
							}
						},
						{
							"origin": [-3.31371, -217.5, -7],
							"size": [6.62742, 109, 16],
							"inflate": 0.1,
							"uv": {
								"north": {"uv": [14, 591], "uv_size": [7, 109]},
								"east": {"uv": [172, 444], "uv_size": [16, 109]},
								"south": {"uv": [21, 591], "uv_size": [7, 109]},
								"west": {"uv": [188, 444], "uv_size": [16, 109]},
								"up": {"uv": [131, 394], "uv_size": [7, 16]},
								"down": {"uv": [60, 411], "uv_size": [-7, -16]}
							}
						},
						{
							"origin": [-8, -217.5, -2.31371],
							"size": [16, 109, 6.62742],
							"inflate": 0.1,
							"pivot": [0, -167, 1],
							"rotation": [0, -45, 0],
							"uv": {
								"north": {"uv": [204, 444], "uv_size": [16, 109]},
								"east": {"uv": [192, 595], "uv_size": [7, 109]},
								"south": {"uv": [220, 444], "uv_size": [16, 109]},
								"west": {"uv": [199, 595], "uv_size": [7, 109]},
								"up": {"uv": [344, 293], "uv_size": [16, 7]},
								"down": {"uv": [505, 281], "uv_size": [-16, -7]}
							}
						},
						{
							"origin": [-8, -217.5, -2.31371],
							"size": [16, 109, 6.62742],
							"inflate": 0.1,
							"uv": {
								"north": {"uv": [0, 482], "uv_size": [16, 109]},
								"east": {"uv": [28, 604], "uv_size": [7, 109]},
								"south": {"uv": [16, 482], "uv_size": [16, 109]},
								"west": {"uv": [35, 604], "uv_size": [7, 109]},
								"up": {"uv": [525, 112], "uv_size": [16, 7]},
								"down": {"uv": [557, 119], "uv_size": [-16, -7]}
							}
						}
					]
				},
				{
					"name": "ball",
					"pivot": [0, 23, 0]
				},
				{
					"name": "head5",
					"parent": "ball",
					"pivot": [0.25, 24.5, 1],
					"rotation": [0, 0, -30],
					"cubes": [
						{
							"origin": [-3.06371, 22, -7],
							"size": [6.62742, 5, 16],
							"inflate": 0.1,
							"pivot": [0.25, 50.5, 1],
							"rotation": [0, -45, 0],
							"uv": {
								"north": {"uv": [0, 591], "uv_size": [7, 109]},
								"east": {"uv": [140, 394], "uv_size": [16, 109]},
								"south": {"uv": [7, 591], "uv_size": [7, 109]},
								"west": {"uv": [156, 394], "uv_size": [16, 109]},
								"up": {"uv": [53, 363], "uv_size": [7, 16]},
								"down": {"uv": [60, 395], "uv_size": [-7, -16]}
							}
						},
						{
							"origin": [-3.06371, 22, -7],
							"size": [6.62742, 5, 16],
							"inflate": 0.1,
							"uv": {
								"north": {"uv": [14, 591], "uv_size": [7, 109]},
								"east": {"uv": [172, 444], "uv_size": [16, 109]},
								"south": {"uv": [21, 591], "uv_size": [7, 109]},
								"west": {"uv": [188, 444], "uv_size": [16, 109]},
								"up": {"uv": [131, 394], "uv_size": [7, 16]},
								"down": {"uv": [60, 411], "uv_size": [-7, -16]}
							}
						},
						{
							"origin": [-7.75, 22, -2.31371],
							"size": [16, 5, 6.62742],
							"inflate": 0.1,
							"pivot": [0.25, 50.5, 1],
							"rotation": [0, -45, 0],
							"uv": {
								"north": {"uv": [204, 444], "uv_size": [16, 109]},
								"east": {"uv": [192, 595], "uv_size": [7, 109]},
								"south": {"uv": [220, 444], "uv_size": [16, 109]},
								"west": {"uv": [199, 595], "uv_size": [7, 109]},
								"up": {"uv": [344, 293], "uv_size": [16, 7]},
								"down": {"uv": [505, 281], "uv_size": [-16, -7]}
							}
						},
						{
							"origin": [-7.75, 22, -2.31371],
							"size": [16, 5, 6.62742],
							"inflate": 0.1,
							"uv": {
								"north": {"uv": [0, 482], "uv_size": [16, 109]},
								"east": {"uv": [28, 604], "uv_size": [7, 109]},
								"south": {"uv": [16, 482], "uv_size": [16, 109]},
								"west": {"uv": [35, 604], "uv_size": [7, 109]},
								"up": {"uv": [525, 112], "uv_size": [16, 7]},
								"down": {"uv": [557, 119], "uv_size": [-16, -7]}
							}
						}
					]
				},
				{
					"name": "head6",
					"parent": "ball",
					"pivot": [0.25, 24.5, 1],
					"rotation": [0, 0, -60],
					"cubes": [
						{
							"origin": [-3.06371, 22, -7],
							"size": [6.62742, 5, 16],
							"inflate": 0.1,
							"pivot": [0.25, 50.5, 1],
							"rotation": [0, -45, 0],
							"uv": {
								"north": {"uv": [0, 591], "uv_size": [7, 109]},
								"east": {"uv": [140, 394], "uv_size": [16, 109]},
								"south": {"uv": [7, 591], "uv_size": [7, 109]},
								"west": {"uv": [156, 394], "uv_size": [16, 109]},
								"up": {"uv": [53, 363], "uv_size": [7, 16]},
								"down": {"uv": [60, 395], "uv_size": [-7, -16]}
							}
						},
						{
							"origin": [-3.06371, 22, -7],
							"size": [6.62742, 5, 16],
							"inflate": 0.1,
							"uv": {
								"north": {"uv": [14, 591], "uv_size": [7, 109]},
								"east": {"uv": [172, 444], "uv_size": [16, 109]},
								"south": {"uv": [21, 591], "uv_size": [7, 109]},
								"west": {"uv": [188, 444], "uv_size": [16, 109]},
								"up": {"uv": [131, 394], "uv_size": [7, 16]},
								"down": {"uv": [60, 411], "uv_size": [-7, -16]}
							}
						},
						{
							"origin": [-7.75, 22, -2.31371],
							"size": [16, 5, 6.62742],
							"inflate": 0.1,
							"pivot": [0.25, 50.5, 1],
							"rotation": [0, -45, 0],
							"uv": {
								"north": {"uv": [204, 444], "uv_size": [16, 109]},
								"east": {"uv": [192, 595], "uv_size": [7, 109]},
								"south": {"uv": [220, 444], "uv_size": [16, 109]},
								"west": {"uv": [199, 595], "uv_size": [7, 109]},
								"up": {"uv": [344, 293], "uv_size": [16, 7]},
								"down": {"uv": [505, 281], "uv_size": [-16, -7]}
							}
						},
						{
							"origin": [-7.75, 22, -2.31371],
							"size": [16, 5, 6.62742],
							"inflate": 0.1,
							"uv": {
								"north": {"uv": [0, 482], "uv_size": [16, 109]},
								"east": {"uv": [28, 604], "uv_size": [7, 109]},
								"south": {"uv": [16, 482], "uv_size": [16, 109]},
								"west": {"uv": [35, 604], "uv_size": [7, 109]},
								"up": {"uv": [525, 112], "uv_size": [16, 7]},
								"down": {"uv": [557, 119], "uv_size": [-16, -7]}
							}
						}
					]
				},
				{
					"name": "head7",
					"parent": "ball",
					"pivot": [0.25, 24.5, 1],
					"rotation": [0, 0, -95],
					"cubes": [
						{
							"origin": [-3.06371, 22, -7],
							"size": [6.62742, 5, 16],
							"inflate": 0.1,
							"pivot": [0.25, 50.5, 1],
							"rotation": [0, -45, 0],
							"uv": {
								"north": {"uv": [0, 591], "uv_size": [7, 109]},
								"east": {"uv": [140, 394], "uv_size": [16, 109]},
								"south": {"uv": [7, 591], "uv_size": [7, 109]},
								"west": {"uv": [156, 394], "uv_size": [16, 109]},
								"up": {"uv": [53, 363], "uv_size": [7, 16]},
								"down": {"uv": [60, 395], "uv_size": [-7, -16]}
							}
						},
						{
							"origin": [-3.06371, 22, -7],
							"size": [6.62742, 5, 16],
							"inflate": 0.1,
							"uv": {
								"north": {"uv": [14, 591], "uv_size": [7, 109]},
								"east": {"uv": [172, 444], "uv_size": [16, 109]},
								"south": {"uv": [21, 591], "uv_size": [7, 109]},
								"west": {"uv": [188, 444], "uv_size": [16, 109]},
								"up": {"uv": [131, 394], "uv_size": [7, 16]},
								"down": {"uv": [60, 411], "uv_size": [-7, -16]}
							}
						},
						{
							"origin": [-7.75, 22, -2.31371],
							"size": [16, 5, 6.62742],
							"inflate": 0.1,
							"pivot": [0.25, 50.5, 1],
							"rotation": [0, -45, 0],
							"uv": {
								"north": {"uv": [204, 444], "uv_size": [16, 109]},
								"east": {"uv": [192, 595], "uv_size": [7, 109]},
								"south": {"uv": [220, 444], "uv_size": [16, 109]},
								"west": {"uv": [199, 595], "uv_size": [7, 109]},
								"up": {"uv": [344, 293], "uv_size": [16, 7]},
								"down": {"uv": [505, 281], "uv_size": [-16, -7]}
							}
						},
						{
							"origin": [-7.75, 22, -2.31371],
							"size": [16, 5, 6.62742],
							"inflate": 0.1,
							"uv": {
								"north": {"uv": [0, 482], "uv_size": [16, 109]},
								"east": {"uv": [28, 604], "uv_size": [7, 109]},
								"south": {"uv": [16, 482], "uv_size": [16, 109]},
								"west": {"uv": [35, 604], "uv_size": [7, 109]},
								"up": {"uv": [525, 112], "uv_size": [16, 7]},
								"down": {"uv": [557, 119], "uv_size": [-16, -7]}
							}
						}
					]
				},
				{
					"name": "head8",
					"parent": "ball",
					"pivot": [0.25, 24.5, 1],
					"rotation": [0, 0, -130],
					"cubes": [
						{
							"origin": [-3.06371, 22, -7],
							"size": [6.62742, 5, 16],
							"inflate": 0.1,
							"pivot": [0.25, 50.5, 1],
							"rotation": [0, -45, 0],
							"uv": {
								"north": {"uv": [0, 591], "uv_size": [7, 109]},
								"east": {"uv": [140, 394], "uv_size": [16, 109]},
								"south": {"uv": [7, 591], "uv_size": [7, 109]},
								"west": {"uv": [156, 394], "uv_size": [16, 109]},
								"up": {"uv": [53, 363], "uv_size": [7, 16]},
								"down": {"uv": [60, 395], "uv_size": [-7, -16]}
							}
						},
						{
							"origin": [-3.06371, 22, -7],
							"size": [6.62742, 5, 16],
							"inflate": 0.1,
							"uv": {
								"north": {"uv": [14, 591], "uv_size": [7, 109]},
								"east": {"uv": [172, 444], "uv_size": [16, 109]},
								"south": {"uv": [21, 591], "uv_size": [7, 109]},
								"west": {"uv": [188, 444], "uv_size": [16, 109]},
								"up": {"uv": [131, 394], "uv_size": [7, 16]},
								"down": {"uv": [60, 411], "uv_size": [-7, -16]}
							}
						},
						{
							"origin": [-7.75, 22, -2.31371],
							"size": [16, 5, 6.62742],
							"inflate": 0.1,
							"pivot": [0.25, 50.5, 1],
							"rotation": [0, -45, 0],
							"uv": {
								"north": {"uv": [204, 444], "uv_size": [16, 109]},
								"east": {"uv": [192, 595], "uv_size": [7, 109]},
								"south": {"uv": [220, 444], "uv_size": [16, 109]},
								"west": {"uv": [199, 595], "uv_size": [7, 109]},
								"up": {"uv": [344, 293], "uv_size": [16, 7]},
								"down": {"uv": [505, 281], "uv_size": [-16, -7]}
							}
						},
						{
							"origin": [-7.75, 22, -2.31371],
							"size": [16, 5, 6.62742],
							"inflate": 0.1,
							"uv": {
								"north": {"uv": [0, 482], "uv_size": [16, 109]},
								"east": {"uv": [28, 604], "uv_size": [7, 109]},
								"south": {"uv": [16, 482], "uv_size": [16, 109]},
								"west": {"uv": [35, 604], "uv_size": [7, 109]},
								"up": {"uv": [525, 112], "uv_size": [16, 7]},
								"down": {"uv": [557, 119], "uv_size": [-16, -7]}
							}
						}
					]
				},
				{
					"name": "head9",
					"parent": "ball",
					"pivot": [0.25, 24.5, 1],
					"rotation": [0, 0, -160],
					"cubes": [
						{
							"origin": [-3.06371, 22, -7],
							"size": [6.62742, 5, 16],
							"inflate": 0.1,
							"pivot": [0.25, 50.5, 1],
							"rotation": [0, -45, 0],
							"uv": {
								"north": {"uv": [0, 591], "uv_size": [7, 109]},
								"east": {"uv": [140, 394], "uv_size": [16, 109]},
								"south": {"uv": [7, 591], "uv_size": [7, 109]},
								"west": {"uv": [156, 394], "uv_size": [16, 109]},
								"up": {"uv": [53, 363], "uv_size": [7, 16]},
								"down": {"uv": [60, 395], "uv_size": [-7, -16]}
							}
						},
						{
							"origin": [-3.06371, 22, -7],
							"size": [6.62742, 5, 16],
							"inflate": 0.1,
							"uv": {
								"north": {"uv": [14, 591], "uv_size": [7, 109]},
								"east": {"uv": [172, 444], "uv_size": [16, 109]},
								"south": {"uv": [21, 591], "uv_size": [7, 109]},
								"west": {"uv": [188, 444], "uv_size": [16, 109]},
								"up": {"uv": [131, 394], "uv_size": [7, 16]},
								"down": {"uv": [60, 411], "uv_size": [-7, -16]}
							}
						},
						{
							"origin": [-7.75, 22, -2.31371],
							"size": [16, 5, 6.62742],
							"inflate": 0.1,
							"pivot": [0.25, 50.5, 1],
							"rotation": [0, -45, 0],
							"uv": {
								"north": {"uv": [204, 444], "uv_size": [16, 109]},
								"east": {"uv": [192, 595], "uv_size": [7, 109]},
								"south": {"uv": [220, 444], "uv_size": [16, 109]},
								"west": {"uv": [199, 595], "uv_size": [7, 109]},
								"up": {"uv": [344, 293], "uv_size": [16, 7]},
								"down": {"uv": [505, 281], "uv_size": [-16, -7]}
							}
						},
						{
							"origin": [-7.75, 22, -2.31371],
							"size": [16, 5, 6.62742],
							"inflate": 0.1,
							"uv": {
								"north": {"uv": [0, 482], "uv_size": [16, 109]},
								"east": {"uv": [28, 604], "uv_size": [7, 109]},
								"south": {"uv": [16, 482], "uv_size": [16, 109]},
								"west": {"uv": [35, 604], "uv_size": [7, 109]},
								"up": {"uv": [525, 112], "uv_size": [16, 7]},
								"down": {"uv": [557, 119], "uv_size": [-16, -7]}
							}
						}
					]
				},
				{
					"name": "head4",
					"parent": "ball",
					"pivot": [8, 51, -7],
					"cubes": [
						{
							"origin": [-3.31371, 22.5, -7],
							"size": [6.62742, 5, 16],
							"inflate": 0.1,
							"pivot": [0, 51, 1],
							"rotation": [0, -45, 0],
							"uv": {
								"north": {"uv": [0, 591], "uv_size": [7, 109]},
								"east": {"uv": [140, 394], "uv_size": [16, 109]},
								"south": {"uv": [7, 591], "uv_size": [7, 109]},
								"west": {"uv": [156, 394], "uv_size": [16, 109]},
								"up": {"uv": [53, 363], "uv_size": [7, 16]},
								"down": {"uv": [60, 395], "uv_size": [-7, -16]}
							}
						},
						{
							"origin": [-3.31371, 22.5, -7],
							"size": [6.62742, 5, 16],
							"inflate": 0.1,
							"uv": {
								"north": {"uv": [14, 591], "uv_size": [7, 109]},
								"east": {"uv": [172, 444], "uv_size": [16, 109]},
								"south": {"uv": [21, 591], "uv_size": [7, 109]},
								"west": {"uv": [188, 444], "uv_size": [16, 109]},
								"up": {"uv": [131, 394], "uv_size": [7, 16]},
								"down": {"uv": [60, 411], "uv_size": [-7, -16]}
							}
						},
						{
							"origin": [-8, 22.5, -2.31371],
							"size": [16, 5, 6.62742],
							"inflate": 0.1,
							"pivot": [0, 51, 1],
							"rotation": [0, -45, 0],
							"uv": {
								"north": {"uv": [204, 444], "uv_size": [16, 109]},
								"east": {"uv": [192, 595], "uv_size": [7, 109]},
								"south": {"uv": [220, 444], "uv_size": [16, 109]},
								"west": {"uv": [199, 595], "uv_size": [7, 109]},
								"up": {"uv": [344, 293], "uv_size": [16, 7]},
								"down": {"uv": [505, 281], "uv_size": [-16, -7]}
							}
						},
						{
							"origin": [-8, 22.5, -2.31371],
							"size": [16, 5, 6.62742],
							"inflate": 0.1,
							"uv": {
								"north": {"uv": [0, 482], "uv_size": [16, 109]},
								"east": {"uv": [28, 604], "uv_size": [7, 109]},
								"south": {"uv": [16, 482], "uv_size": [16, 109]},
								"west": {"uv": [35, 604], "uv_size": [7, 109]},
								"up": {"uv": [525, 112], "uv_size": [16, 7]},
								"down": {"uv": [557, 119], "uv_size": [-16, -7]}
							}
						}
					]
				}
			]
		}
	]
}