{
	"format_version": "1.8.0",
	"animations": {
		"animation.mushroom_cloud.hajimeru": {
			"animation_length": 10.16,
			"bones": {
				"explosion": {
					"scale": {
						"0.0": [0, 0, 0],
						"10.0833": [20, 1, 20],
						"2.0333": [1, 1, 1]
					}
				},
				"bone": {
					"scale": {
						"0.0": [0, 0, 0],
						"2.0333": [0, 0, 0],
						"2.1667": [1, 1, 1]
					}
				},
				"ball": {
					"scale": {
						"0.0": [1, 1, 1],
						"2.0333": [10, 10, 10],
						"2.1167": [0, 0, 0]
					}
				}
			}
		}
	}
}