{"mControlDataList":[{"bgColor":1291845632,"cornerRadius":0,"dynamicX":"${margin} * 3 + ${width} * 2","dynamicY":"${margin}","height":30,"isDynamicBtn":false,"isHideable":false,"isSwipeable":false,"isToggle":false,"keycodes":[-1,0,0,0],"name":"Keyboard","opacity":1,"passThruEnabled":false,"strokeColor":-1,"strokeWidth":0,"width":80},{"bgColor":1291845632,"cornerRadius":0,"dynamicX":"${margin}","dynamicY":"${bottom} - ${margin}","height":50,"isDynamicBtn":false,"isHideable":false,"isSwipeable":false,"isToggle":false,"keycodes":[-2,0,0,0],"name":"GUI","opacity":1,"passThruEnabled":false,"strokeColor":-1,"strokeWidth":0,"width":50},{"bgColor":1291845632,"cornerRadius":0,"dynamicX":"${margin}","dynamicY":"${screen_height} - ${margin} * 3 - ${height} * 3","height":50,"isDynamicBtn":false,"isHideable":false,"isSwipeable":false,"isToggle":false,"keycodes":[-3,0,0,0],"name":"PRI","opacity":1,"passThruEnabled":false,"strokeColor":-1,"strokeWidth":0,"width":50},{"bgColor":1291845632,"cornerRadius":0,"dynamicX":"${margin} * 3 + ${width} * 2","dynamicY":"${screen_height} - ${margin} * 3 - ${height} * 3","height":50,"isDynamicBtn":false,"isHideable":false,"isSwipeable":false,"isToggle":false,"keycodes":[-4,0,0,0],"name":"SEC","opacity":1,"passThruEnabled":false,"strokeColor":-1,"strokeWidth":0,"width":50},{"bgColor":1291845632,"cornerRadius":0,"dynamicX":"${right}","dynamicY":"${margin}","height":30,"isDynamicBtn":false,"isHideable":false,"isSwipeable":false,"isToggle":false,"keycodes":[-5,0,0,0],"name":"Mouse","opacity":1,"passThruEnabled":false,"strokeColor":-1,"strokeWidth":0,"width":80},{"bgColor":1291845632,"cornerRadius":0,"dynamicX":"${margin}","dynamicY":"${margin}","height":30,"isDynamicBtn":false,"isHideable":false,"isSwipeable":false,"isToggle":false,"keycodes":[292,0,0,0],"name":"Debug","opacity":1,"passThruEnabled":false,"strokeColor":-1,"strokeWidth":0,"width":80},{"bgColor":1291845632,"cornerRadius":0,"dynamicX":"${margin} * 2 + ${width}","dynamicY":"${margin}","height":30,"isDynamicBtn":false,"isHideable":false,"isSwipeable":false,"isToggle":false,"keycodes":[84,0,0,0],"name":"Chat","opacity":1,"passThruEnabled":false,"strokeColor":-1,"strokeWidth":0,"width":80},{"bgColor":1291845632,"cornerRadius":0,"dynamicX":"${margin} * 4 + ${width} * 3","dynamicY":"${margin}","height":30,"isDynamicBtn":false,"isHideable":false,"isSwipeable":false,"isToggle":false,"keycodes":[258,0,0,0],"name":"Tab","opacity":1,"passThruEnabled":false,"strokeColor":-1,"strokeWidth":0,"width":80},{"bgColor":1291845632,"cornerRadius":0,"dynamicX":"${margin}","dynamicY":"${height} + ${margin}","height":30,"isDynamicBtn":false,"isHideable":false,"isSwipeable":false,"isToggle":false,"keycodes":[294,0,0,0],"name":"3rd","opacity":1,"passThruEnabled":false,"strokeColor":-1,"strokeWidth":0,"width":80},{"bgColor":1291845632,"cornerRadius":0,"dynamicX":"${margin} * 2 + ${width}","dynamicY":"${bottom} - ${margin} * 3 - ${height} * 2","height":50,"isDynamicBtn":false,"isHideable":false,"isSwipeable":false,"isToggle":false,"keycodes":[87,0,0,0],"name":"▲","opacity":1,"passThruEnabled":false,"strokeColor":-1,"strokeWidth":0,"width":50},{"bgColor":1291845632,"cornerRadius":0,"dynamicX":"${margin}","dynamicY":"${bottom} - ${margin} * 2 - ${height}","height":50,"isDynamicBtn":false,"isHideable":false,"isSwipeable":false,"isToggle":false,"keycodes":[65,0,0,0],"name":"◀","opacity":1,"passThruEnabled":false,"strokeColor":-1,"strokeWidth":0,"width":50},{"bgColor":1291845632,"cornerRadius":0,"dynamicX":"${margin} * 2 + ${width}","dynamicY":"${bottom} - ${margin}","height":50,"isDynamicBtn":false,"isHideable":false,"isSwipeable":false,"isToggle":false,"keycodes":[83,0,0,0],"name":"▼","opacity":1,"passThruEnabled":false,"strokeColor":-1,"strokeWidth":0,"width":50},{"bgColor":1291845632,"cornerRadius":0,"dynamicX":"${margin} * 3 + ${width} * 2","dynamicY":"${bottom} - ${margin} * 2 - ${height}","height":50,"isDynamicBtn":false,"isHideable":false,"isSwipeable":false,"isToggle":false,"keycodes":[68,0,0,0],"name":"▶","opacity":1,"passThruEnabled":false,"strokeColor":-1,"strokeWidth":0,"width":50},{"bgColor":1291845632,"cornerRadius":0,"dynamicX":"${margin} * 3 + ${width} * 2","dynamicY":"${bottom} - ${margin}","height":50,"isDynamicBtn":false,"isHideable":false,"isSwipeable":false,"isToggle":false,"keycodes":[69,0,0,0],"name":"Inv","opacity":1,"passThruEnabled":false,"strokeColor":-1,"strokeWidth":0,"width":50},{"bgColor":1291845632,"cornerRadius":0,"dynamicX":"${margin} * 2 + ${width}","dynamicY":"${screen_height} - ${margin} * 2 - ${height} * 2","height":50,"isDynamicBtn":false,"isHideable":false,"isSwipeable":false,"isToggle":true,"keycodes":[340,0,0,0],"name":"◇","opacity":1,"passThruEnabled":false,"strokeColor":-1,"strokeWidth":0,"width":50},{"bgColor":1291845632,"cornerRadius":0,"dynamicX":"${right} - ${margin} * 2 - ${width}","dynamicY":"${bottom} - ${margin} * 2 - ${height}","height":50,"isDynamicBtn":false,"isHideable":false,"isSwipeable":false,"isToggle":false,"keycodes":[32,0,0,0],"name":"⬛","opacity":1,"passThruEnabled":false,"strokeColor":-1,"strokeWidth":0,"width":50}],"mDrawerDataList":[],"scaledAt":100,"version":4}